department_id,name,cost_center,created_at
1,Department 0001,CC0001,2016-11-22
2,Department 0002,CC0002,2015-06-05
3,Department 0003,CC0003,2019-09-05
4,Department 0004,CC0004,2019-03-02
5,Department 0005,CC0005,2018-10-18
6,Department 0006,CC0006,2017-05-17
7,Department 0007,CC0007,2016-09-28
8,Department 0008,CC0008,2024-04-11
9,Department 0009,CC0009,2016-06-24
10,Department 0010,CC0010,2025-01-17
11,Department 0011,CC0011,2022-03-06
12,Department 0012,CC0012,2015-07-17
13,Department 0013,CC0013,2015-07-05
14,Department 0014,CC0014,2016-08-05
15,Department 0015,CC0015,2018-09-20
16,Department 0016,CC0016,2018-12-16
17,Department 0017,CC0017,2023-08-07
18,Department 0018,CC0018,2025-03-29
19,Department 0019,CC0019,2015-06-14
20,Department 0020,CC0020,2024-07-19
21,Department 0021,CC0021,2018-05-20
22,Department 0022,CC0022,2024-04-09
23,Department 0023,CC0023,2022-02-19
24,Department 0024,CC0024,2018-10-01
25,Department 0025,CC0025,2022-08-23
26,Department 0026,CC0026,2025-01-09
27,Department 0027,CC0027,2019-09-25
28,Department 0028,CC0028,2015-02-10
29,Department 0029,CC0029,2017-09-19
30,Department 0030,CC0030,2022-03-11
31,Department 0031,CC0031,2020-10-15
32,Department 0032,CC0032,2019-09-23
33,Department 0033,CC0033,2017-08-24
34,Department 0034,CC0034,2018-08-30
35,Department 0035,CC0035,2020-09-22
36,Department 0036,CC0036,2016-09-27
37,Department 0037,CC0037,2016-07-30
38,Department 0038,CC0038,2021-06-18
39,Department 0039,CC0039,2016-08-23
40,Department 0040,CC0040,2021-02-08
41,Department 0041,CC0041,2020-11-07
42,Department 0042,CC0042,2025-04-09
43,Department 0043,CC0043,2019-07-02
44,Department 0044,CC0044,2015-09-27
45,Department 0045,CC0045,2022-10-25
46,Department 0046,CC0046,2024-02-15
47,Department 0047,CC0047,2017-02-14
48,Department 0048,CC0048,2021-06-10
49,Department 0049,CC0049,2016-05-04
50,Department 0050,CC0050,2024-05-23
51,Department 0051,CC0051,2019-12-27
52,Department 0052,CC0052,2025-07-10
53,Department 0053,CC0053,2021-02-25
54,Department 0054,CC0054,2024-10-27
55,Department 0055,CC0055,2018-04-09
56,Department 0056,CC0056,2016-03-08
57,Department 0057,CC0057,2015-10-12
58,Department 0058,CC0058,2018-11-17
59,Department 0059,CC0059,2019-12-04
60,Department 0060,CC0060,2016-05-10
61,Department 0061,CC0061,2018-12-17
62,Department 0062,CC0062,2016-09-19
63,Department 0063,CC0063,2021-06-20
64,Department 0064,CC0064,2019-09-24
65,Department 0065,CC0065,2022-09-18
66,Department 0066,CC0066,2021-03-16
67,Department 0067,CC0067,2017-10-07
68,Department 0068,CC0068,2021-04-19
69,Department 0069,CC0069,2021-01-16
70,Department 0070,CC0070,2018-07-25
71,Department 0071,CC0071,2019-07-17
72,Department 0072,CC0072,2016-03-19
73,Department 0073,CC0073,2025-05-13
74,Department 0074,CC0074,2017-11-29
75,Department 0075,CC0075,2024-02-02
76,Department 0076,CC0076,2019-03-02
77,Department 0077,CC0077,2017-10-12
78,Department 0078,CC0078,2022-11-12
79,Department 0079,CC0079,2021-06-15
80,Department 0080,CC0080,2019-08-05
81,Department 0081,CC0081,2024-06-22
82,Department 0082,CC0082,2018-09-26
83,Department 0083,CC0083,2020-07-08
84,Department 0084,CC0084,2015-12-14
85,Department 0085,CC0085,2018-11-24
86,Department 0086,CC0086,2015-07-19
87,Department 0087,CC0087,2020-05-14
88,Department 0088,CC0088,2021-10-28
89,Department 0089,CC0089,2019-07-22
90,Department 0090,CC0090,2016-02-16
91,Department 0091,CC0091,2018-08-04
92,Department 0092,CC0092,2024-08-25
93,Department 0093,CC0093,2020-05-09
94,Department 0094,CC0094,2018-08-14
95,Department 0095,CC0095,2023-06-30
96,Department 0096,CC0096,2021-09-24
97,Department 0097,CC0097,2022-10-22
98,Department 0098,CC0098,2017-06-06
99,Department 0099,CC0099,2019-07-04
100,Department 0100,CC0100,2017-05-17
101,Department 0101,CC0101,2019-03-13
102,Department 0102,CC0102,2024-07-20
103,Department 0103,CC0103,2024-03-03
104,Department 0104,CC0104,2019-06-21
105,Department 0105,CC0105,2024-12-11
106,Department 0106,CC0106,2022-04-16
107,Department 0107,CC0107,2024-12-04
108,Department 0108,CC0108,2021-10-17
109,Department 0109,CC0109,2021-02-27
110,Department 0110,CC0110,2018-09-24
111,Department 0111,CC0111,2017-05-09
112,Department 0112,CC0112,2023-09-02
113,Department 0113,CC0113,2023-05-25
114,Department 0114,CC0114,2016-07-18
115,Department 0115,CC0115,2015-10-20
116,Department 0116,CC0116,2016-11-12
117,Department 0117,CC0117,2017-08-07
118,Department 0118,CC0118,2017-09-21
119,Department 0119,CC0119,2022-03-08
120,Department 0120,CC0120,2025-02-22
121,Department 0121,CC0121,2016-01-30
122,Department 0122,CC0122,2021-07-18
123,Department 0123,CC0123,2021-06-29
124,Department 0124,CC0124,2025-02-19
125,Department 0125,CC0125,2022-12-18
126,Department 0126,CC0126,2024-01-01
127,Department 0127,CC0127,2019-04-12
128,Department 0128,CC0128,2024-05-30
129,Department 0129,CC0129,2015-03-13
130,Department 0130,CC0130,2016-12-12
131,Department 0131,CC0131,2024-02-19
132,Department 0132,CC0132,2019-07-16
133,Department 0133,CC0133,2020-10-14
134,Department 0134,CC0134,2016-11-24
135,Department 0135,CC0135,2019-12-29
136,Department 0136,CC0136,2022-05-25
137,Department 0137,CC0137,2017-09-09
138,Department 0138,CC0138,2022-09-20
139,Department 0139,CC0139,2015-01-21
140,Department 0140,CC0140,2019-06-25
141,Department 0141,CC0141,2023-07-08
142,Department 0142,CC0142,2018-01-15
143,Department 0143,CC0143,2023-08-21
144,Department 0144,CC0144,2016-10-23
145,Department 0145,CC0145,2025-08-21
146,Department 0146,CC0146,2020-01-29
147,Department 0147,CC0147,2023-08-21
148,Department 0148,CC0148,2025-05-12
149,Department 0149,CC0149,2018-05-20
150,Department 0150,CC0150,2017-08-07
151,Department 0151,CC0151,2021-05-12
152,Department 0152,CC0152,2017-09-30
153,Department 0153,CC0153,2024-03-05
154,Department 0154,CC0154,2024-01-09
155,Department 0155,CC0155,2015-01-04
156,Department 0156,CC0156,2025-03-10
157,Department 0157,CC0157,2020-07-07
158,Department 0158,CC0158,2023-04-25
159,Department 0159,CC0159,2015-05-02
160,Department 0160,CC0160,2016-11-26
161,Department 0161,CC0161,2021-03-05
162,Department 0162,CC0162,2020-03-25
163,Department 0163,CC0163,2019-01-27
164,Department 0164,CC0164,2015-12-26
165,Department 0165,CC0165,2019-02-05
166,Department 0166,CC0166,2024-08-26
167,Department 0167,CC0167,2016-05-04
168,Department 0168,CC0168,2016-06-16
169,Department 0169,CC0169,2023-04-08
170,Department 0170,CC0170,2016-03-06
171,Department 0171,CC0171,2024-01-24
172,Department 0172,CC0172,2017-02-20
173,Department 0173,CC0173,2017-03-08
174,Department 0174,CC0174,2023-02-01
175,Department 0175,CC0175,2024-05-09
176,Department 0176,CC0176,2017-10-23
177,Department 0177,CC0177,2019-07-06
178,Department 0178,CC0178,2023-12-23
179,Department 0179,CC0179,2025-04-27
180,Department 0180,CC0180,2022-03-14
181,Department 0181,CC0181,2018-08-09
182,Department 0182,CC0182,2024-03-05
183,Department 0183,CC0183,2018-06-03
184,Department 0184,CC0184,2020-04-20
185,Department 0185,CC0185,2021-10-15
186,Department 0186,CC0186,2021-05-09
187,Department 0187,CC0187,2022-06-15
188,Department 0188,CC0188,2023-10-22
189,Department 0189,CC0189,2022-09-06
190,Department 0190,CC0190,2017-01-21
191,Department 0191,CC0191,2019-03-21
192,Department 0192,CC0192,2018-10-28
193,Department 0193,CC0193,2016-02-02
194,Department 0194,CC0194,2020-10-01
195,Department 0195,CC0195,2015-05-11
196,Department 0196,CC0196,2025-01-03
197,Department 0197,CC0197,2024-06-03
198,Department 0198,CC0198,2018-11-30
199,Department 0199,CC0199,2025-01-04
200,Department 0200,CC0200,2018-09-30
201,Department 0201,CC0201,2015-02-14
202,Department 0202,CC0202,2016-03-17
203,Department 0203,CC0203,2016-01-01
204,Department 0204,CC0204,2018-11-23
205,Department 0205,CC0205,2016-02-23
206,Department 0206,CC0206,2015-07-15
207,Department 0207,CC0207,2020-08-15
208,Department 0208,CC0208,2016-03-16
209,Department 0209,CC0209,2023-09-30
210,Department 0210,CC0210,2019-01-18
211,Department 0211,CC0211,2019-09-27
212,Department 0212,CC0212,2023-04-05
213,Department 0213,CC0213,2018-08-24
214,Department 0214,CC0214,2024-03-04
215,Department 0215,CC0215,2017-04-02
216,Department 0216,CC0216,2024-09-18
217,Department 0217,CC0217,2024-10-20
218,Department 0218,CC0218,2023-01-16
219,Department 0219,CC0219,2019-02-18
220,Department 0220,CC0220,2023-01-17
221,Department 0221,CC0221,2021-12-04
222,Department 0222,CC0222,2018-03-29
223,Department 0223,CC0223,2016-08-09
224,Department 0224,CC0224,2016-08-25
225,Department 0225,CC0225,2022-05-02
226,Department 0226,CC0226,2021-01-10
227,Department 0227,CC0227,2022-03-17
228,Department 0228,CC0228,2021-12-29
229,Department 0229,CC0229,2022-12-11
230,Department 0230,CC0230,2015-12-03
231,Department 0231,CC0231,2016-09-03
232,Department 0232,CC0232,2016-01-12
233,Department 0233,CC0233,2021-11-06
234,Department 0234,CC0234,2020-10-09
235,Department 0235,CC0235,2016-11-09
236,Department 0236,CC0236,2019-03-26
237,Department 0237,CC0237,2018-04-05
238,Department 0238,CC0238,2018-03-27
239,Department 0239,CC0239,2024-02-15
240,Department 0240,CC0240,2022-08-19
241,Department 0241,CC0241,2017-05-21
242,Department 0242,CC0242,2022-03-06
243,Department 0243,CC0243,2018-02-14
244,Department 0244,CC0244,2019-09-27
245,Department 0245,CC0245,2022-11-14
246,Department 0246,CC0246,2019-04-02
247,Department 0247,CC0247,2016-04-13
248,Department 0248,CC0248,2022-07-16
249,Department 0249,CC0249,2024-05-12
250,Department 0250,CC0250,2016-08-31
251,Department 0251,CC0251,2015-11-11
252,Department 0252,CC0252,2024-03-13
253,Department 0253,CC0253,2015-04-02
254,Department 0254,CC0254,2016-08-02
255,Department 0255,CC0255,2019-01-08
256,Department 0256,CC0256,2017-10-30
257,Department 0257,CC0257,2021-11-30
258,Department 0258,CC0258,2023-04-06
259,Department 0259,CC0259,2023-03-11
260,Department 0260,CC0260,2018-08-21
261,Department 0261,CC0261,2021-10-27
262,Department 0262,CC0262,2015-12-31
263,Department 0263,CC0263,2017-10-20
264,Department 0264,CC0264,2021-06-12
265,Department 0265,CC0265,2015-01-14
266,Department 0266,CC0266,2021-08-22
267,Department 0267,CC0267,2019-07-06
268,Department 0268,CC0268,2022-09-28
269,Department 0269,CC0269,2019-11-08
270,Department 0270,CC0270,2022-03-13
271,Department 0271,CC0271,2024-06-15
272,Department 0272,CC0272,2023-04-13
273,Department 0273,CC0273,2017-08-19
274,Department 0274,CC0274,2018-03-25
275,Department 0275,CC0275,2020-01-18
276,Department 0276,CC0276,2018-09-14
277,Department 0277,CC0277,2015-12-30
278,Department 0278,CC0278,2024-11-07
279,Department 0279,CC0279,2024-03-23
280,Department 0280,CC0280,2016-01-14
281,Department 0281,CC0281,2020-05-02
282,Department 0282,CC0282,2015-12-22
283,Department 0283,CC0283,2015-11-08
284,Department 0284,CC0284,2024-12-08
285,Department 0285,CC0285,2023-02-10
286,Department 0286,CC0286,2023-07-22
287,Department 0287,CC0287,2024-01-14
288,Department 0288,CC0288,2017-09-05
289,Department 0289,CC0289,2015-12-20
290,Department 0290,CC0290,2023-08-22
291,Department 0291,CC0291,2016-05-12
292,Department 0292,CC0292,2018-02-28
293,Department 0293,CC0293,2016-03-01
294,Department 0294,CC0294,2025-02-14
295,Department 0295,CC0295,2016-02-27
296,Department 0296,CC0296,2019-01-01
297,Department 0297,CC0297,2021-11-13
298,Department 0298,CC0298,2017-01-14
299,Department 0299,CC0299,2024-09-09
300,Department 0300,CC0300,2019-03-10
301,Department 0301,CC0301,2024-11-06
302,Department 0302,CC0302,2025-02-11
303,Department 0303,CC0303,2015-09-04
304,Department 0304,CC0304,2025-07-15
305,Department 0305,CC0305,2016-05-24
306,Department 0306,CC0306,2022-02-17
307,Department 0307,CC0307,2024-12-05
308,Department 0308,CC0308,2024-08-13
309,Department 0309,CC0309,2023-11-23
310,Department 0310,CC0310,2020-05-19
311,Department 0311,CC0311,2019-06-09
312,Department 0312,CC0312,2018-06-23
313,Department 0313,CC0313,2020-05-06
314,Department 0314,CC0314,2019-01-23
315,Department 0315,CC0315,2019-07-09
316,Department 0316,CC0316,2021-09-25
317,Department 0317,CC0317,2017-03-24
318,Department 0318,CC0318,2020-02-08
319,Department 0319,CC0319,2022-10-12
320,Department 0320,CC0320,2020-05-18
321,Department 0321,CC0321,2016-03-26
322,Department 0322,CC0322,2015-02-27
323,Department 0323,CC0323,2022-10-18
324,Department 0324,CC0324,2025-07-26
325,Department 0325,CC0325,2024-07-30
326,Department 0326,CC0326,2016-09-13
327,Department 0327,CC0327,2016-03-31
328,Department 0328,CC0328,2024-02-23
329,Department 0329,CC0329,2018-08-17
330,Department 0330,CC0330,2023-08-10
331,Department 0331,CC0331,2019-07-06
332,Department 0332,CC0332,2017-04-03
333,Department 0333,CC0333,2020-12-08
334,Department 0334,CC0334,2016-03-03
335,Department 0335,CC0335,2019-02-26
336,Department 0336,CC0336,2021-04-15
337,Department 0337,CC0337,2019-11-06
338,Department 0338,CC0338,2017-09-07
339,Department 0339,CC0339,2022-06-15
340,Department 0340,CC0340,2024-03-29
341,Department 0341,CC0341,2020-02-23
342,Department 0342,CC0342,2025-05-28
343,Department 0343,CC0343,2023-12-31
344,Department 0344,CC0344,2015-02-18
345,Department 0345,CC0345,2024-06-08
346,Department 0346,CC0346,2020-02-04
347,Department 0347,CC0347,2016-10-05
348,Department 0348,CC0348,2017-04-14
349,Department 0349,CC0349,2019-07-02
350,Department 0350,CC0350,2016-12-18
351,Department 0351,CC0351,2016-10-27
352,Department 0352,CC0352,2024-05-30
353,Department 0353,CC0353,2017-08-23
354,Department 0354,CC0354,2019-08-20
355,Department 0355,CC0355,2019-10-17
356,Department 0356,CC0356,2025-04-16
357,Department 0357,CC0357,2018-08-01
358,Department 0358,CC0358,2020-10-31
359,Department 0359,CC0359,2018-06-19
360,Department 0360,CC0360,2019-06-29
361,Department 0361,CC0361,2023-08-07
362,Department 0362,CC0362,2023-04-24
363,Department 0363,CC0363,2019-04-10
364,Department 0364,CC0364,2015-11-12
365,Department 0365,CC0365,2016-07-27
366,Department 0366,CC0366,2022-03-17
367,Department 0367,CC0367,2019-09-16
368,Department 0368,CC0368,2015-10-01
369,Department 0369,CC0369,2015-01-23
370,Department 0370,CC0370,2020-09-03
371,Department 0371,CC0371,2017-03-23
372,Department 0372,CC0372,2019-06-16
373,Department 0373,CC0373,2017-10-01
374,Department 0374,CC0374,2022-07-08
375,Department 0375,CC0375,2024-05-21
376,Department 0376,CC0376,2022-04-11
377,Department 0377,CC0377,2024-07-17
378,Department 0378,CC0378,2015-03-02
379,Department 0379,CC0379,2016-11-26
380,Department 0380,CC0380,2016-04-12
381,Department 0381,CC0381,2017-07-15
382,Department 0382,CC0382,2024-04-13
383,Department 0383,CC0383,2015-08-12
384,Department 0384,CC0384,2021-04-13
385,Department 0385,CC0385,2024-11-28
386,Department 0386,CC0386,2024-05-26
387,Department 0387,CC0387,2017-07-09
388,Department 0388,CC0388,2022-04-24
389,Department 0389,CC0389,2017-03-02
390,Department 0390,CC0390,2015-09-17
391,Department 0391,CC0391,2020-03-30
392,Department 0392,CC0392,2021-03-15
393,Department 0393,CC0393,2015-09-05
394,Department 0394,CC0394,2021-02-01
395,Department 0395,CC0395,2018-07-29
396,Department 0396,CC0396,2019-03-31
397,Department 0397,CC0397,2016-09-30
398,Department 0398,CC0398,2021-01-06
399,Department 0399,CC0399,2024-07-10
400,Department 0400,CC0400,2021-11-30
401,Department 0401,CC0401,2025-07-23
402,Department 0402,CC0402,2017-08-18
403,Department 0403,CC0403,2019-01-11
404,Department 0404,CC0404,2017-10-06
405,Department 0405,CC0405,2018-01-05
406,Department 0406,CC0406,2022-01-05
407,Department 0407,CC0407,2015-06-04
408,Department 0408,CC0408,2018-01-19
409,Department 0409,CC0409,2020-08-26
410,Department 0410,CC0410,2022-01-02
411,Department 0411,CC0411,2019-03-23
412,Department 0412,CC0412,2019-07-16
413,Department 0413,CC0413,2017-09-16
414,Department 0414,CC0414,2016-11-02
415,Department 0415,CC0415,2021-07-05
416,Department 0416,CC0416,2015-08-29
417,Department 0417,CC0417,2023-01-03
418,Department 0418,CC0418,2018-10-14
419,Department 0419,CC0419,2018-05-25
420,Department 0420,CC0420,2022-10-31
421,Department 0421,CC0421,2020-12-12
422,Department 0422,CC0422,2020-03-11
423,Department 0423,CC0423,2018-11-15
424,Department 0424,CC0424,2018-10-17
425,Department 0425,CC0425,2015-05-28
426,Department 0426,CC0426,2018-04-15
427,Department 0427,CC0427,2021-10-11
428,Department 0428,CC0428,2020-08-01
429,Department 0429,CC0429,2019-09-28
430,Department 0430,CC0430,2016-03-07
431,Department 0431,CC0431,2019-10-01
432,Department 0432,CC0432,2020-12-21
433,Department 0433,CC0433,2023-09-01
434,Department 0434,CC0434,2021-10-19
435,Department 0435,CC0435,2024-02-14
436,Department 0436,CC0436,2020-08-19
437,Department 0437,CC0437,2015-06-21
438,Department 0438,CC0438,2016-12-17
439,Department 0439,CC0439,2019-06-12
440,Department 0440,CC0440,2018-01-14
441,Department 0441,CC0441,2024-11-16
442,Department 0442,CC0442,2019-07-08
443,Department 0443,CC0443,2015-08-26
444,Department 0444,CC0444,2016-11-04
445,Department 0445,CC0445,2025-02-23
446,Department 0446,CC0446,2022-05-24
447,Department 0447,CC0447,2020-11-18
448,Department 0448,CC0448,2020-05-03
449,Department 0449,CC0449,2022-06-04
450,Department 0450,CC0450,2025-04-24
451,Department 0451,CC0451,2023-09-13
452,Department 0452,CC0452,2016-12-19
453,Department 0453,CC0453,2021-07-21
454,Department 0454,CC0454,2024-10-22
455,Department 0455,CC0455,2018-03-27
456,Department 0456,CC0456,2019-05-02
457,Department 0457,CC0457,2015-10-03
458,Department 0458,CC0458,2022-06-02
459,Department 0459,CC0459,2015-01-11
460,Department 0460,CC0460,2023-11-05
461,Department 0461,CC0461,2024-02-28
462,Department 0462,CC0462,2018-05-09
463,Department 0463,CC0463,2021-03-13
464,Department 0464,CC0464,2022-05-03
465,Department 0465,CC0465,2016-03-10
466,Department 0466,CC0466,2020-08-13
467,Department 0467,CC0467,2025-08-08
468,Department 0468,CC0468,2020-05-04
469,Department 0469,CC0469,2017-02-13
470,Department 0470,CC0470,2020-02-10
471,Department 0471,CC0471,2023-08-18
472,Department 0472,CC0472,2020-04-05
473,Department 0473,CC0473,2021-12-12
474,Department 0474,CC0474,2020-07-19
475,Department 0475,CC0475,2021-11-05
476,Department 0476,CC0476,2020-01-12
477,Department 0477,CC0477,2024-06-06
478,Department 0478,CC0478,2017-03-01
479,Department 0479,CC0479,2018-04-07
480,Department 0480,CC0480,2022-02-25
481,Department 0481,CC0481,2021-06-13
482,Department 0482,CC0482,2017-12-17
483,Department 0483,CC0483,2025-06-21
484,Department 0484,CC0484,2024-09-06
485,Department 0485,CC0485,2020-02-14
486,Department 0486,CC0486,2021-11-28
487,Department 0487,CC0487,2024-04-27
488,Department 0488,CC0488,2015-01-03
489,Department 0489,CC0489,2020-03-03
490,Department 0490,CC0490,2019-11-18
491,Department 0491,CC0491,2018-07-30
492,Department 0492,CC0492,2022-04-25
493,Department 0493,CC0493,2024-11-12
494,Department 0494,CC0494,2025-04-27
495,Department 0495,CC0495,2020-06-25
496,Department 0496,CC0496,2022-11-29
497,Department 0497,CC0497,2022-07-08
498,Department 0498,CC0498,2022-07-10
499,Department 0499,CC0499,2018-08-20
500,Department 0500,CC0500,2023-09-12
501,Department 0501,CC0501,2023-01-19
502,Department 0502,CC0502,2017-11-20
503,Department 0503,CC0503,2016-06-10
504,Department 0504,CC0504,2019-10-30
505,Department 0505,CC0505,2023-10-08
506,Department 0506,CC0506,2025-07-14
507,Department 0507,CC0507,2020-09-13
508,Department 0508,CC0508,2016-08-03
509,Department 0509,CC0509,2018-12-30
510,Department 0510,CC0510,2020-04-12
511,Department 0511,CC0511,2018-10-27
512,Department 0512,CC0512,2018-05-22
513,Department 0513,CC0513,2017-07-04
514,Department 0514,CC0514,2015-06-01
515,Department 0515,CC0515,2015-10-15
516,Department 0516,CC0516,2019-03-02
517,Department 0517,CC0517,2023-01-31
518,Department 0518,CC0518,2025-05-26
519,Department 0519,CC0519,2016-03-28
520,Department 0520,CC0520,2022-09-30
521,Department 0521,CC0521,2022-01-19
522,Department 0522,CC0522,2024-10-17
523,Department 0523,CC0523,2018-04-23
524,Department 0524,CC0524,2021-07-13
525,Department 0525,CC0525,2023-05-30
526,Department 0526,CC0526,2021-10-19
527,Department 0527,CC0527,2019-02-25
528,Department 0528,CC0528,2017-07-05
529,Department 0529,CC0529,2015-02-04
530,Department 0530,CC0530,2016-10-24
531,Department 0531,CC0531,2022-03-26
532,Department 0532,CC0532,2018-09-21
533,Department 0533,CC0533,2017-12-28
534,Department 0534,CC0534,2023-10-24
535,Department 0535,CC0535,2022-11-26
536,Department 0536,CC0536,2015-11-09
537,Department 0537,CC0537,2024-06-25
538,Department 0538,CC0538,2019-03-29
539,Department 0539,CC0539,2017-01-24
540,Department 0540,CC0540,2022-10-07
541,Department 0541,CC0541,2017-04-08
542,Department 0542,CC0542,2022-11-27
543,Department 0543,CC0543,2024-01-14
544,Department 0544,CC0544,2024-07-05
545,Department 0545,CC0545,2025-02-17
546,Department 0546,CC0546,2020-05-25
547,Department 0547,CC0547,2022-07-13
548,Department 0548,CC0548,2025-06-03
549,Department 0549,CC0549,2023-08-03
550,Department 0550,CC0550,2022-04-05
551,Department 0551,CC0551,2024-04-27
552,Department 0552,CC0552,2022-08-02
553,Department 0553,CC0553,2017-09-15
554,Department 0554,CC0554,2023-01-28
555,Department 0555,CC0555,2022-08-28
556,Department 0556,CC0556,2019-05-30
557,Department 0557,CC0557,2019-03-17
558,Department 0558,CC0558,2019-09-20
559,Department 0559,CC0559,2023-11-14
560,Department 0560,CC0560,2023-03-31
561,Department 0561,CC0561,2019-01-26
562,Department 0562,CC0562,2019-09-03
563,Department 0563,CC0563,2022-06-26
564,Department 0564,CC0564,2016-04-26
565,Department 0565,CC0565,2019-11-11
566,Department 0566,CC0566,2018-12-28
567,Department 0567,CC0567,2019-08-16
568,Department 0568,CC0568,2020-09-17
569,Department 0569,CC0569,2020-06-09
570,Department 0570,CC0570,2024-03-10
571,Department 0571,CC0571,2016-05-15
572,Department 0572,CC0572,2017-05-09
573,Department 0573,CC0573,2017-07-26
574,Department 0574,CC0574,2018-12-08
575,Department 0575,CC0575,2021-07-08
576,Department 0576,CC0576,2017-08-07
577,Department 0577,CC0577,2018-08-22
578,Department 0578,CC0578,2016-02-04
579,Department 0579,CC0579,2022-01-21
580,Department 0580,CC0580,2021-12-07
581,Department 0581,CC0581,2020-08-18
582,Department 0582,CC0582,2024-03-25
583,Department 0583,CC0583,2022-12-05
584,Department 0584,CC0584,2022-01-27
585,Department 0585,CC0585,2016-01-22
586,Department 0586,CC0586,2018-07-09
587,Department 0587,CC0587,2022-02-23
588,Department 0588,CC0588,2021-08-17
589,Department 0589,CC0589,2024-12-08
590,Department 0590,CC0590,2015-05-02
591,Department 0591,CC0591,2024-10-17
592,Department 0592,CC0592,2021-06-21
593,Department 0593,CC0593,2023-02-11
594,Department 0594,CC0594,2015-02-06
595,Department 0595,CC0595,2020-12-25
596,Department 0596,CC0596,2020-01-30
597,Department 0597,CC0597,2021-08-20
598,Department 0598,CC0598,2022-02-16
599,Department 0599,CC0599,2024-02-27
600,Department 0600,CC0600,2024-04-16
601,Department 0601,CC0601,2025-04-06
602,Department 0602,CC0602,2018-10-02
603,Department 0603,CC0603,2023-04-22
604,Department 0604,CC0604,2018-09-25
605,Department 0605,CC0605,2019-08-23
606,Department 0606,CC0606,2022-06-01
607,Department 0607,CC0607,2023-04-06
608,Department 0608,CC0608,2015-06-30
609,Department 0609,CC0609,2021-08-13
610,Department 0610,CC0610,2020-09-19
611,Department 0611,CC0611,2021-11-17
612,Department 0612,CC0612,2017-10-22
613,Department 0613,CC0613,2022-12-14
614,Department 0614,CC0614,2017-03-04
615,Department 0615,CC0615,2025-08-02
616,Department 0616,CC0616,2024-02-01
617,Department 0617,CC0617,2015-06-17
618,Department 0618,CC0618,2021-09-14
619,Department 0619,CC0619,2025-01-25
620,Department 0620,CC0620,2024-08-08
621,Department 0621,CC0621,2015-06-18
622,Department 0622,CC0622,2016-06-05
623,Department 0623,CC0623,2022-04-17
624,Department 0624,CC0624,2017-04-23
625,Department 0625,CC0625,2022-11-08
626,Department 0626,CC0626,2018-02-03
627,Department 0627,CC0627,2015-11-09
628,Department 0628,CC0628,2019-06-05
629,Department 0629,CC0629,2021-06-13
630,Department 0630,CC0630,2020-07-27
631,Department 0631,CC0631,2018-08-08
632,Department 0632,CC0632,2022-09-26
633,Department 0633,CC0633,2020-07-23
634,Department 0634,CC0634,2020-09-28
635,Department 0635,CC0635,2021-06-13
636,Department 0636,CC0636,2019-09-26
637,Department 0637,CC0637,2022-03-04
638,Department 0638,CC0638,2019-04-17
639,Department 0639,CC0639,2016-05-23
640,Department 0640,CC0640,2023-01-01
641,Department 0641,CC0641,2015-05-01
642,Department 0642,CC0642,2024-03-05
643,Department 0643,CC0643,2015-11-20
644,Department 0644,CC0644,2020-12-14
645,Department 0645,CC0645,2018-10-25
646,Department 0646,CC0646,2016-03-02
647,Department 0647,CC0647,2015-09-08
648,Department 0648,CC0648,2015-07-12
649,Department 0649,CC0649,2019-03-17
650,Department 0650,CC0650,2018-05-23
651,Department 0651,CC0651,2015-05-07
652,Department 0652,CC0652,2025-07-27
653,Department 0653,CC0653,2017-08-04
654,Department 0654,CC0654,2019-01-22
655,Department 0655,CC0655,2017-02-23
656,Department 0656,CC0656,2023-01-21
657,Department 0657,CC0657,2016-12-11
658,Department 0658,CC0658,2024-08-05
659,Department 0659,CC0659,2018-09-16
660,Department 0660,CC0660,2022-11-29
661,Department 0661,CC0661,2019-05-12
662,Department 0662,CC0662,2021-04-11
663,Department 0663,CC0663,2017-11-08
664,Department 0664,CC0664,2025-04-22
665,Department 0665,CC0665,2025-05-01
666,Department 0666,CC0666,2016-12-12
667,Department 0667,CC0667,2017-10-14
668,Department 0668,CC0668,2020-04-16
669,Department 0669,CC0669,2016-11-02
670,Department 0670,CC0670,2024-11-04
671,Department 0671,CC0671,2015-06-09
672,Department 0672,CC0672,2020-04-22
673,Department 0673,CC0673,2024-10-17
674,Department 0674,CC0674,2021-05-21
675,Department 0675,CC0675,2021-09-30
676,Department 0676,CC0676,2018-05-17
677,Department 0677,CC0677,2016-04-17
678,Department 0678,CC0678,2025-01-27
679,Department 0679,CC0679,2019-02-18
680,Department 0680,CC0680,2016-09-25
681,Department 0681,CC0681,2020-02-17
682,Department 0682,CC0682,2025-03-19
683,Department 0683,CC0683,2017-01-22
684,Department 0684,CC0684,2024-08-17
685,Department 0685,CC0685,2015-09-13
686,Department 0686,CC0686,2020-11-27
687,Department 0687,CC0687,2024-01-24
688,Department 0688,CC0688,2022-04-15
689,Department 0689,CC0689,2021-04-21
690,Department 0690,CC0690,2016-03-04
691,Department 0691,CC0691,2023-08-10
692,Department 0692,CC0692,2020-10-21
693,Department 0693,CC0693,2015-03-20
694,Department 0694,CC0694,2022-02-23
695,Department 0695,CC0695,2023-05-05
696,Department 0696,CC0696,2016-10-17
697,Department 0697,CC0697,2022-05-17
698,Department 0698,CC0698,2021-02-28
699,Department 0699,CC0699,2022-10-27
700,Department 0700,CC0700,2017-08-08
701,Department 0701,CC0701,2022-05-30
702,Department 0702,CC0702,2017-12-30
703,Department 0703,CC0703,2023-11-17
704,Department 0704,CC0704,2019-08-06
705,Department 0705,CC0705,2025-06-24
706,Department 0706,CC0706,2024-02-27
707,Department 0707,CC0707,2023-03-24
708,Department 0708,CC0708,2022-11-28
709,Department 0709,CC0709,2022-05-30
710,Department 0710,CC0710,2025-01-29
711,Department 0711,CC0711,2019-07-26
712,Department 0712,CC0712,2020-06-25
713,Department 0713,CC0713,2019-03-06
714,Department 0714,CC0714,2016-06-22
715,Department 0715,CC0715,2019-09-30
716,Department 0716,CC0716,2022-09-02
717,Department 0717,CC0717,2019-02-24
718,Department 0718,CC0718,2022-11-27
719,Department 0719,CC0719,2024-09-10
720,Department 0720,CC0720,2025-05-20
721,Department 0721,CC0721,2021-06-12
722,Department 0722,CC0722,2020-09-21
723,Department 0723,CC0723,2015-06-28
724,Department 0724,CC0724,2023-05-30
725,Department 0725,CC0725,2020-07-12
726,Department 0726,CC0726,2018-02-03
727,Department 0727,CC0727,2023-04-18
728,Department 0728,CC0728,2018-08-11
729,Department 0729,CC0729,2021-01-13
730,Department 0730,CC0730,2019-05-25
731,Department 0731,CC0731,2020-10-15
732,Department 0732,CC0732,2019-10-04
733,Department 0733,CC0733,2025-02-21
734,Department 0734,CC0734,2019-09-13
735,Department 0735,CC0735,2024-06-15
736,Department 0736,CC0736,2015-03-05
737,Department 0737,CC0737,2023-10-16
738,Department 0738,CC0738,2018-04-02
739,Department 0739,CC0739,2016-06-15
740,Department 0740,CC0740,2019-02-08
741,Department 0741,CC0741,2021-11-30
742,Department 0742,CC0742,2023-04-24
743,Department 0743,CC0743,2024-06-11
744,Department 0744,CC0744,2019-02-02
745,Department 0745,CC0745,2023-02-06
746,Department 0746,CC0746,2023-05-08
747,Department 0747,CC0747,2022-08-16
748,Department 0748,CC0748,2015-04-18
749,Department 0749,CC0749,2016-08-01
750,Department 0750,CC0750,2020-01-03
751,Department 0751,CC0751,2018-10-08
752,Department 0752,CC0752,2021-11-17
753,Department 0753,CC0753,2019-02-20
754,Department 0754,CC0754,2020-03-17
755,Department 0755,CC0755,2024-11-22
756,Department 0756,CC0756,2021-04-12
757,Department 0757,CC0757,2023-01-19
758,Department 0758,CC0758,2024-06-01
759,Department 0759,CC0759,2024-01-13
760,Department 0760,CC0760,2020-11-06
761,Department 0761,CC0761,2022-03-28
762,Department 0762,CC0762,2024-05-12
763,Department 0763,CC0763,2020-08-17
764,Department 0764,CC0764,2020-12-26
765,Department 0765,CC0765,2022-09-20
766,Department 0766,CC0766,2019-08-11
767,Department 0767,CC0767,2020-03-20
768,Department 0768,CC0768,2019-04-12
769,Department 0769,CC0769,2018-12-03
770,Department 0770,CC0770,2017-01-19
771,Department 0771,CC0771,2018-04-11
772,Department 0772,CC0772,2020-05-14
773,Department 0773,CC0773,2017-01-12
774,Department 0774,CC0774,2024-02-12
775,Department 0775,CC0775,2018-02-24
776,Department 0776,CC0776,2018-04-05
777,Department 0777,CC0777,2018-09-06
778,Department 0778,CC0778,2023-03-28
779,Department 0779,CC0779,2019-09-15
780,Department 0780,CC0780,2025-01-11
781,Department 0781,CC0781,2023-12-04
782,Department 0782,CC0782,2025-02-25
783,Department 0783,CC0783,2019-10-25
784,Department 0784,CC0784,2016-09-16
785,Department 0785,CC0785,2018-04-21
786,Department 0786,CC0786,2020-01-15
787,Department 0787,CC0787,2018-11-14
788,Department 0788,CC0788,2021-02-20
789,Department 0789,CC0789,2018-01-20
790,Department 0790,CC0790,2020-02-22
791,Department 0791,CC0791,2015-03-29
792,Department 0792,CC0792,2024-02-01
793,Department 0793,CC0793,2017-02-25
794,Department 0794,CC0794,2019-09-01
795,Department 0795,CC0795,2015-10-10
796,Department 0796,CC0796,2015-12-05
797,Department 0797,CC0797,2024-05-31
798,Department 0798,CC0798,2019-12-21
799,Department 0799,CC0799,2017-02-23
800,Department 0800,CC0800,2023-05-09
801,Department 0801,CC0801,2016-09-29
802,Department 0802,CC0802,2015-03-18
803,Department 0803,CC0803,2024-10-07
804,Department 0804,CC0804,2019-11-02
805,Department 0805,CC0805,2022-12-26
806,Department 0806,CC0806,2023-02-22
807,Department 0807,CC0807,2022-06-29
808,Department 0808,CC0808,2020-10-18
809,Department 0809,CC0809,2018-02-19
810,Department 0810,CC0810,2015-11-16
811,Department 0811,CC0811,2019-04-18
812,Department 0812,CC0812,2023-02-16
813,Department 0813,CC0813,2016-12-09
814,Department 0814,CC0814,2016-02-11
815,Department 0815,CC0815,2021-10-25
816,Department 0816,CC0816,2023-05-14
817,Department 0817,CC0817,2016-04-05
818,Department 0818,CC0818,2024-10-25
819,Department 0819,CC0819,2015-11-30
820,Department 0820,CC0820,2017-07-31
821,Department 0821,CC0821,2017-07-16
822,Department 0822,CC0822,2024-07-29
823,Department 0823,CC0823,2020-03-02
824,Department 0824,CC0824,2016-06-13
825,Department 0825,CC0825,2019-03-23
826,Department 0826,CC0826,2017-01-06
827,Department 0827,CC0827,2024-06-29
828,Department 0828,CC0828,2022-01-30
829,Department 0829,CC0829,2025-04-25
830,Department 0830,CC0830,2025-02-21
831,Department 0831,CC0831,2025-07-09
832,Department 0832,CC0832,2018-11-03
833,Department 0833,CC0833,2023-11-22
834,Department 0834,CC0834,2021-06-21
835,Department 0835,CC0835,2022-08-31
836,Department 0836,CC0836,2022-07-13
837,Department 0837,CC0837,2020-01-22
838,Department 0838,CC0838,2025-01-04
839,Department 0839,CC0839,2022-04-18
840,Department 0840,CC0840,2020-03-12
841,Department 0841,CC0841,2024-09-03
842,Department 0842,CC0842,2025-07-25
843,Department 0843,CC0843,2016-01-10
844,Department 0844,CC0844,2025-05-16
845,Department 0845,CC0845,2016-09-08
846,Department 0846,CC0846,2018-07-15
847,Department 0847,CC0847,2025-08-22
848,Department 0848,CC0848,2018-08-04
849,Department 0849,CC0849,2019-07-03
850,Department 0850,CC0850,2016-05-19
851,Department 0851,CC0851,2017-09-02
852,Department 0852,CC0852,2019-01-30
853,Department 0853,CC0853,2017-12-16
854,Department 0854,CC0854,2024-05-22
855,Department 0855,CC0855,2016-04-11
856,Department 0856,CC0856,2017-08-30
857,Department 0857,CC0857,2015-01-17
858,Department 0858,CC0858,2021-12-13
859,Department 0859,CC0859,2022-08-31
860,Department 0860,CC0860,2025-02-06
861,Department 0861,CC0861,2022-12-29
862,Department 0862,CC0862,2019-12-15
863,Department 0863,CC0863,2015-07-22
864,Department 0864,CC0864,2018-12-09
865,Department 0865,CC0865,2019-11-26
866,Department 0866,CC0866,2019-10-23
867,Department 0867,CC0867,2022-09-22
868,Department 0868,CC0868,2016-03-18
869,Department 0869,CC0869,2018-12-21
870,Department 0870,CC0870,2019-07-02
871,Department 0871,CC0871,2025-08-19
872,Department 0872,CC0872,2025-01-12
873,Department 0873,CC0873,2018-05-14
874,Department 0874,CC0874,2022-03-26
875,Department 0875,CC0875,2016-12-14
876,Department 0876,CC0876,2024-04-06
877,Department 0877,CC0877,2018-10-28
878,Department 0878,CC0878,2017-07-14
879,Department 0879,CC0879,2019-07-09
880,Department 0880,CC0880,2017-06-02
881,Department 0881,CC0881,2016-03-19
882,Department 0882,CC0882,2016-01-06
883,Department 0883,CC0883,2017-10-28
884,Department 0884,CC0884,2020-03-26
885,Department 0885,CC0885,2025-02-14
886,Department 0886,CC0886,2024-09-06
887,Department 0887,CC0887,2019-11-29
888,Department 0888,CC0888,2022-06-21
889,Department 0889,CC0889,2017-02-11
890,Department 0890,CC0890,2022-12-22
891,Department 0891,CC0891,2020-03-04
892,Department 0892,CC0892,2021-11-06
893,Department 0893,CC0893,2019-08-19
894,Department 0894,CC0894,2023-07-07
895,Department 0895,CC0895,2024-03-09
896,Department 0896,CC0896,2023-05-27
897,Department 0897,CC0897,2022-06-13
898,Department 0898,CC0898,2016-05-14
899,Department 0899,CC0899,2025-03-05
900,Department 0900,CC0900,2015-09-05
901,Department 0901,CC0901,2022-05-08
902,Department 0902,CC0902,2020-06-25
903,Department 0903,CC0903,2025-04-09
904,Department 0904,CC0904,2019-04-05
905,Department 0905,CC0905,2015-06-10
906,Department 0906,CC0906,2016-07-21
907,Department 0907,CC0907,2018-11-23
908,Department 0908,CC0908,2024-10-14
909,Department 0909,CC0909,2024-12-27
910,Department 0910,CC0910,2015-05-09
911,Department 0911,CC0911,2019-08-02
912,Department 0912,CC0912,2024-10-20
913,Department 0913,CC0913,2015-09-07
914,Department 0914,CC0914,2017-12-24
915,Department 0915,CC0915,2023-01-02
916,Department 0916,CC0916,2023-10-30
917,Department 0917,CC0917,2022-07-10
918,Department 0918,CC0918,2019-09-25
919,Department 0919,CC0919,2018-02-01
920,Department 0920,CC0920,2024-12-16
921,Department 0921,CC0921,2022-06-01
922,Department 0922,CC0922,2023-05-14
923,Department 0923,CC0923,2016-07-20
924,Department 0924,CC0924,2022-12-30
925,Department 0925,CC0925,2020-12-02
926,Department 0926,CC0926,2021-12-12
927,Department 0927,CC0927,2020-09-02
928,Department 0928,CC0928,2020-06-17
929,Department 0929,CC0929,2016-10-11
930,Department 0930,CC0930,2017-09-26
931,Department 0931,CC0931,2020-08-11
932,Department 0932,CC0932,2022-01-01
933,Department 0933,CC0933,2023-06-06
934,Department 0934,CC0934,2019-11-26
935,Department 0935,CC0935,2021-10-24
936,Department 0936,CC0936,2024-05-11
937,Department 0937,CC0937,2015-08-17
938,Department 0938,CC0938,2022-09-27
939,Department 0939,CC0939,2016-07-01
940,Department 0940,CC0940,2020-05-08
941,Department 0941,CC0941,2019-04-18
942,Department 0942,CC0942,2020-07-01
943,Department 0943,CC0943,2016-12-21
944,Department 0944,CC0944,2021-11-16
945,Department 0945,CC0945,2023-10-03
946,Department 0946,CC0946,2015-01-08
947,Department 0947,CC0947,2024-03-25
948,Department 0948,CC0948,2022-11-10
949,Department 0949,CC0949,2022-01-11
950,Department 0950,CC0950,2015-12-03
951,Department 0951,CC0951,2018-03-11
952,Department 0952,CC0952,2023-10-27
953,Department 0953,CC0953,2021-02-26
954,Department 0954,CC0954,2025-08-04
955,Department 0955,CC0955,2023-06-25
956,Department 0956,CC0956,2025-08-22
957,Department 0957,CC0957,2022-07-09
958,Department 0958,CC0958,2015-11-17
959,Department 0959,CC0959,2018-06-18
960,Department 0960,CC0960,2019-07-18
961,Department 0961,CC0961,2024-05-05
962,Department 0962,CC0962,2017-03-25
963,Department 0963,CC0963,2019-11-25
964,Department 0964,CC0964,2022-06-15
965,Department 0965,CC0965,2023-03-31
966,Department 0966,CC0966,2017-01-24
967,Department 0967,CC0967,2015-06-29
968,Department 0968,CC0968,2025-05-11
969,Department 0969,CC0969,2019-01-26
970,Department 0970,CC0970,2017-09-11
971,Department 0971,CC0971,2020-04-14
972,Department 0972,CC0972,2024-05-15
973,Department 0973,CC0973,2015-03-26
974,Department 0974,CC0974,2024-05-24
975,Department 0975,CC0975,2021-12-10
976,Department 0976,CC0976,2016-08-02
977,Department 0977,CC0977,2018-10-28
978,Department 0978,CC0978,2016-12-06
979,Department 0979,CC0979,2022-11-07
980,Department 0980,CC0980,2016-12-30
981,Department 0981,CC0981,2017-08-14
982,Department 0982,CC0982,2023-06-24
983,Department 0983,CC0983,2019-12-19
984,Department 0984,CC0984,2023-08-29
985,Department 0985,CC0985,2019-08-27
986,Department 0986,CC0986,2022-01-25
987,Department 0987,CC0987,2023-03-18
988,Department 0988,CC0988,2023-01-13
989,Department 0989,CC0989,2019-02-23
990,Department 0990,CC0990,2022-10-09
991,Department 0991,CC0991,2024-05-18
992,Department 0992,CC0992,2017-06-17
993,Department 0993,CC0993,2021-07-11
994,Department 0994,CC0994,2018-03-30
995,Department 0995,CC0995,2025-03-13
996,Department 0996,CC0996,2023-08-25
997,Department 0997,CC0997,2017-04-28
998,Department 0998,CC0998,2016-03-09
999,Department 0999,CC0999,2019-09-13
1000,Department 1000,CC1000,2022-01-22
