project_id,code,name,department_id,start_date,end_date
1,PRJ0001,Project 0001,967,2018-03-09,
2,PRJ0002,Project 0002,351,2025-01-19,
3,PRJ0003,Project 0003,435,2021-11-10,
4,PRJ0004,Project 0004,581,2019-09-04,
5,PRJ0005,Project 0005,782,2025-05-17,2025-07-14
6,PRJ0006,Project 0006,116,2020-01-21,
7,PRJ0007,Project 0007,149,2023-09-22,
8,PRJ0008,Project 0008,535,2018-03-29,
9,PRJ0009,Project 0009,341,2021-02-18,2025-01-18
10,PRJ0010,Project 0010,402,2020-02-12,2020-07-07
11,PRJ0011,Project 0011,307,2023-06-20,2023-12-18
12,PRJ0012,Project 0012,621,2025-02-22,2025-08-18
13,PRJ0013,Project 0013,111,2019-05-26,
14,PRJ0014,Project 0014,678,2019-08-18,2023-07-28
15,PRJ0015,Project 0015,33,2020-03-17,
16,PRJ0016,Project 0016,369,2019-05-20,2021-12-06
17,PRJ0017,Project 0017,582,2020-01-06,2023-03-25
18,PRJ0018,Project 0018,483,2022-01-11,
19,PRJ0019,Project 0019,813,2022-09-23,
20,PRJ0020,Project 0020,978,2023-11-09,
21,PRJ0021,Project 0021,219,2020-05-28,2021-05-20
22,PRJ0022,Project 0022,73,2019-07-30,
23,PRJ0023,Project 0023,57,2020-06-12,
24,PRJ0024,Project 0024,914,2023-02-07,2024-05-11
25,PRJ0025,Project 0025,238,2018-01-10,
26,PRJ0026,Project 0026,78,2020-07-24,
27,PRJ0027,Project 0027,668,2019-04-04,
28,PRJ0028,Project 0028,870,2023-04-17,
29,PRJ0029,Project 0029,48,2022-08-08,
30,PRJ0030,Project 0030,442,2023-02-28,
31,PRJ0031,Project 0031,660,2019-10-12,
32,PRJ0032,Project 0032,182,2019-07-27,
33,PRJ0033,Project 0033,323,2019-03-07,
34,PRJ0034,Project 0034,248,2019-11-02,
35,PRJ0035,Project 0035,160,2025-08-21,
36,PRJ0036,Project 0036,948,2022-12-09,
37,PRJ0037,Project 0037,682,2019-11-01,
38,PRJ0038,Project 0038,492,2025-01-09,
39,PRJ0039,Project 0039,910,2025-03-09,2025-07-19
40,PRJ0040,Project 0040,829,2023-09-14,
41,PRJ0041,Project 0041,926,2020-03-28,
42,PRJ0042,Project 0042,538,2020-10-12,
43,PRJ0043,Project 0043,701,2021-05-23,
44,PRJ0044,Project 0044,207,2022-08-23,
45,PRJ0045,Project 0045,491,2019-05-07,
46,PRJ0046,Project 0046,433,2024-11-14,
47,PRJ0047,Project 0047,319,2018-10-09,
48,PRJ0048,Project 0048,524,2019-12-05,
49,PRJ0049,Project 0049,418,2019-11-14,2020-03-04
50,PRJ0050,Project 0050,692,2022-06-18,
51,PRJ0051,Project 0051,690,2023-07-31,
52,PRJ0052,Project 0052,574,2020-02-25,
53,PRJ0053,Project 0053,127,2023-09-11,
54,PRJ0054,Project 0054,8,2021-10-25,
55,PRJ0055,Project 0055,333,2023-03-25,
56,PRJ0056,Project 0056,628,2025-04-11,
57,PRJ0057,Project 0057,461,2024-07-23,
58,PRJ0058,Project 0058,958,2018-10-12,
59,PRJ0059,Project 0059,371,2023-04-13,
60,PRJ0060,Project 0060,656,2019-09-29,2023-07-22
61,PRJ0061,Project 0061,111,2018-01-11,
62,PRJ0062,Project 0062,664,2022-03-16,
63,PRJ0063,Project 0063,871,2022-08-25,
64,PRJ0064,Project 0064,854,2023-09-15,
65,PRJ0065,Project 0065,318,2023-11-19,
66,PRJ0066,Project 0066,334,2024-03-19,
67,PRJ0067,Project 0067,629,2022-06-10,
68,PRJ0068,Project 0068,619,2024-08-26,
69,PRJ0069,Project 0069,507,2019-03-17,2021-12-10
70,PRJ0070,Project 0070,455,2021-03-05,
71,PRJ0071,Project 0071,948,2018-07-02,
72,PRJ0072,Project 0072,30,2025-06-15,
73,PRJ0073,Project 0073,683,2022-11-24,
74,PRJ0074,Project 0074,745,2024-04-21,
75,PRJ0075,Project 0075,655,2019-05-08,
76,PRJ0076,Project 0076,632,2019-10-14,
77,PRJ0077,Project 0077,381,2023-07-20,2025-02-26
78,PRJ0078,Project 0078,321,2024-10-21,
79,PRJ0079,Project 0079,777,2024-08-12,
80,PRJ0080,Project 0080,422,2019-07-16,
81,PRJ0081,Project 0081,859,2018-12-31,2024-01-13
82,PRJ0082,Project 0082,29,2020-09-22,
83,PRJ0083,Project 0083,722,2018-10-03,
84,PRJ0084,Project 0084,581,2021-02-21,
85,PRJ0085,Project 0085,758,2022-06-08,
86,PRJ0086,Project 0086,262,2023-02-26,
87,PRJ0087,Project 0087,175,2019-08-23,
88,PRJ0088,Project 0088,46,2020-06-11,
89,PRJ0089,Project 0089,374,2020-12-25,2023-02-01
90,PRJ0090,Project 0090,249,2023-03-20,
91,PRJ0091,Project 0091,983,2019-09-21,2021-10-05
92,PRJ0092,Project 0092,270,2025-03-21,
93,PRJ0093,Project 0093,838,2019-01-02,
94,PRJ0094,Project 0094,79,2022-01-27,
95,PRJ0095,Project 0095,493,2020-02-18,
96,PRJ0096,Project 0096,633,2021-11-30,
97,PRJ0097,Project 0097,895,2021-04-30,2024-05-19
98,PRJ0098,Project 0098,574,2024-07-29,2025-01-13
99,PRJ0099,Project 0099,647,2018-12-06,
100,PRJ0100,Project 0100,54,2022-05-22,
101,PRJ0101,Project 0101,985,2020-06-30,
102,PRJ0102,Project 0102,196,2022-11-30,
103,PRJ0103,Project 0103,872,2019-02-02,2019-04-22
104,PRJ0104,Project 0104,160,2019-02-13,
105,PRJ0105,Project 0105,793,2021-08-18,
106,PRJ0106,Project 0106,252,2023-12-18,2024-11-18
107,PRJ0107,Project 0107,937,2019-07-15,
108,PRJ0108,Project 0108,447,2022-05-22,
109,PRJ0109,Project 0109,11,2024-05-15,
110,PRJ0110,Project 0110,675,2021-03-30,
111,PRJ0111,Project 0111,708,2020-01-14,
112,PRJ0112,Project 0112,106,2024-02-18,
113,PRJ0113,Project 0113,805,2022-08-28,2024-02-02
114,PRJ0114,Project 0114,209,2024-03-10,
115,PRJ0115,Project 0115,179,2022-08-05,
116,PRJ0116,Project 0116,425,2021-09-27,2021-12-07
117,PRJ0117,Project 0117,785,2024-05-01,2024-08-12
118,PRJ0118,Project 0118,726,2020-10-22,2020-12-13
119,PRJ0119,Project 0119,603,2024-07-20,
120,PRJ0120,Project 0120,442,2025-07-02,
121,PRJ0121,Project 0121,43,2019-11-02,
122,PRJ0122,Project 0122,30,2023-09-02,2023-11-08
123,PRJ0123,Project 0123,29,2023-05-19,2023-06-26
124,PRJ0124,Project 0124,349,2023-08-15,
125,PRJ0125,Project 0125,833,2022-09-02,2025-05-03
126,PRJ0126,Project 0126,966,2022-07-07,
127,PRJ0127,Project 0127,761,2019-06-14,
128,PRJ0128,Project 0128,771,2019-05-23,
129,PRJ0129,Project 0129,569,2020-08-31,
130,PRJ0130,Project 0130,921,2018-04-20,
131,PRJ0131,Project 0131,13,2019-03-27,
132,PRJ0132,Project 0132,752,2019-09-18,
133,PRJ0133,Project 0133,231,2021-02-19,
134,PRJ0134,Project 0134,815,2021-09-12,
135,PRJ0135,Project 0135,327,2018-08-09,
136,PRJ0136,Project 0136,487,2019-10-18,
137,PRJ0137,Project 0137,374,2019-12-10,
138,PRJ0138,Project 0138,774,2019-07-06,
139,PRJ0139,Project 0139,69,2025-03-06,
140,PRJ0140,Project 0140,657,2025-03-09,
141,PRJ0141,Project 0141,847,2018-04-08,
142,PRJ0142,Project 0142,474,2020-03-15,
143,PRJ0143,Project 0143,235,2018-11-27,
144,PRJ0144,Project 0144,239,2018-03-17,
145,PRJ0145,Project 0145,35,2024-01-11,
146,PRJ0146,Project 0146,853,2018-11-25,2025-07-12
147,PRJ0147,Project 0147,507,2019-06-05,
148,PRJ0148,Project 0148,297,2018-04-19,
149,PRJ0149,Project 0149,828,2018-06-26,
150,PRJ0150,Project 0150,745,2022-06-25,
151,PRJ0151,Project 0151,390,2021-05-08,
152,PRJ0152,Project 0152,260,2024-04-04,2025-02-17
153,PRJ0153,Project 0153,749,2020-02-21,
154,PRJ0154,Project 0154,971,2020-06-30,
155,PRJ0155,Project 0155,998,2022-01-23,
156,PRJ0156,Project 0156,410,2021-12-20,
157,PRJ0157,Project 0157,491,2018-11-25,
158,PRJ0158,Project 0158,517,2023-05-17,
159,PRJ0159,Project 0159,961,2025-08-07,
160,PRJ0160,Project 0160,176,2019-02-02,
161,PRJ0161,Project 0161,287,2024-06-30,
162,PRJ0162,Project 0162,560,2024-06-26,
163,PRJ0163,Project 0163,517,2023-06-15,
164,PRJ0164,Project 0164,527,2020-11-26,
165,PRJ0165,Project 0165,272,2018-07-28,
166,PRJ0166,Project 0166,956,2020-01-29,
167,PRJ0167,Project 0167,277,2019-09-16,2020-09-04
168,PRJ0168,Project 0168,707,2018-11-28,2024-02-07
169,PRJ0169,Project 0169,164,2020-12-08,
170,PRJ0170,Project 0170,274,2024-02-14,
171,PRJ0171,Project 0171,709,2024-05-07,
172,PRJ0172,Project 0172,832,2025-02-26,
173,PRJ0173,Project 0173,635,2024-06-20,
174,PRJ0174,Project 0174,326,2023-02-21,
175,PRJ0175,Project 0175,673,2023-11-29,2024-02-08
176,PRJ0176,Project 0176,168,2020-03-22,
177,PRJ0177,Project 0177,92,2021-11-13,
178,PRJ0178,Project 0178,780,2020-11-12,
179,PRJ0179,Project 0179,444,2019-08-14,
180,PRJ0180,Project 0180,28,2023-12-20,
181,PRJ0181,Project 0181,151,2019-01-20,2023-11-11
182,PRJ0182,Project 0182,933,2018-08-24,
183,PRJ0183,Project 0183,895,2021-11-11,
184,PRJ0184,Project 0184,264,2021-04-23,
185,PRJ0185,Project 0185,41,2022-11-02,2023-08-22
186,PRJ0186,Project 0186,675,2021-11-03,2023-07-06
187,PRJ0187,Project 0187,131,2023-05-18,
188,PRJ0188,Project 0188,993,2018-04-28,2023-12-13
189,PRJ0189,Project 0189,591,2019-01-29,
190,PRJ0190,Project 0190,990,2020-05-26,
191,PRJ0191,Project 0191,969,2018-10-25,2019-07-03
192,PRJ0192,Project 0192,830,2023-02-06,
193,PRJ0193,Project 0193,653,2022-12-07,
194,PRJ0194,Project 0194,317,2023-08-17,
195,PRJ0195,Project 0195,493,2024-06-03,
196,PRJ0196,Project 0196,694,2025-07-02,
197,PRJ0197,Project 0197,724,2025-06-28,
198,PRJ0198,Project 0198,247,2022-01-01,2024-03-10
199,PRJ0199,Project 0199,88,2024-10-20,2025-01-29
200,PRJ0200,Project 0200,31,2021-01-12,
201,PRJ0201,Project 0201,605,2018-11-21,2023-12-19
202,PRJ0202,Project 0202,763,2020-03-03,
203,PRJ0203,Project 0203,625,2022-01-07,
204,PRJ0204,Project 0204,472,2022-05-03,
205,PRJ0205,Project 0205,642,2021-05-30,2024-06-25
206,PRJ0206,Project 0206,163,2018-05-16,
207,PRJ0207,Project 0207,124,2018-04-06,
208,PRJ0208,Project 0208,604,2025-04-13,2025-08-02
209,PRJ0209,Project 0209,200,2024-12-21,
210,PRJ0210,Project 0210,790,2022-09-05,
211,PRJ0211,Project 0211,740,2020-01-29,
212,PRJ0212,Project 0212,332,2023-07-20,
213,PRJ0213,Project 0213,80,2024-09-01,
214,PRJ0214,Project 0214,735,2023-12-03,2024-01-18
215,PRJ0215,Project 0215,235,2019-01-24,
216,PRJ0216,Project 0216,705,2020-08-27,
217,PRJ0217,Project 0217,740,2018-06-04,
218,PRJ0218,Project 0218,52,2019-02-26,
219,PRJ0219,Project 0219,556,2024-10-12,2025-05-31
220,PRJ0220,Project 0220,665,2025-01-24,
221,PRJ0221,Project 0221,735,2019-11-04,
222,PRJ0222,Project 0222,579,2019-11-03,
223,PRJ0223,Project 0223,572,2023-02-07,
224,PRJ0224,Project 0224,171,2022-03-05,
225,PRJ0225,Project 0225,104,2025-05-11,2025-08-12
226,PRJ0226,Project 0226,879,2025-04-14,2025-05-31
227,PRJ0227,Project 0227,964,2025-02-27,
228,PRJ0228,Project 0228,843,2020-03-26,2025-05-17
229,PRJ0229,Project 0229,423,2019-10-27,
230,PRJ0230,Project 0230,973,2024-09-14,
231,PRJ0231,Project 0231,178,2023-11-06,
232,PRJ0232,Project 0232,133,2024-09-11,
233,PRJ0233,Project 0233,519,2023-08-30,2025-07-02
234,PRJ0234,Project 0234,300,2020-06-10,
235,PRJ0235,Project 0235,487,2021-05-20,2024-10-19
236,PRJ0236,Project 0236,161,2018-10-08,
237,PRJ0237,Project 0237,792,2020-12-27,
238,PRJ0238,Project 0238,868,2021-04-15,
239,PRJ0239,Project 0239,507,2025-04-09,2025-05-19
240,PRJ0240,Project 0240,218,2019-01-30,
241,PRJ0241,Project 0241,351,2018-07-25,2025-05-06
242,PRJ0242,Project 0242,962,2021-09-08,
243,PRJ0243,Project 0243,98,2024-08-16,
244,PRJ0244,Project 0244,401,2024-01-19,
245,PRJ0245,Project 0245,916,2025-08-06,
246,PRJ0246,Project 0246,264,2021-01-11,
247,PRJ0247,Project 0247,402,2019-05-27,
248,PRJ0248,Project 0248,749,2024-11-19,
249,PRJ0249,Project 0249,924,2023-05-21,
250,PRJ0250,Project 0250,175,2020-09-03,2025-08-03
251,PRJ0251,Project 0251,738,2024-02-21,2024-09-10
252,PRJ0252,Project 0252,997,2018-01-15,2022-08-28
253,PRJ0253,Project 0253,550,2023-01-22,
254,PRJ0254,Project 0254,815,2023-03-27,2025-01-13
255,PRJ0255,Project 0255,498,2018-12-19,
256,PRJ0256,Project 0256,759,2020-08-23,
257,PRJ0257,Project 0257,97,2020-03-29,2024-10-26
258,PRJ0258,Project 0258,796,2025-05-18,
259,PRJ0259,Project 0259,898,2019-01-18,
260,PRJ0260,Project 0260,709,2021-05-25,
261,PRJ0261,Project 0261,719,2023-10-24,2024-12-19
262,PRJ0262,Project 0262,15,2024-03-14,
263,PRJ0263,Project 0263,129,2018-12-12,2023-03-16
264,PRJ0264,Project 0264,477,2019-07-09,
265,PRJ0265,Project 0265,82,2018-12-25,
266,PRJ0266,Project 0266,544,2021-07-10,
267,PRJ0267,Project 0267,499,2022-05-22,
268,PRJ0268,Project 0268,545,2022-09-04,
269,PRJ0269,Project 0269,499,2025-02-11,2025-07-16
270,PRJ0270,Project 0270,187,2019-12-08,
271,PRJ0271,Project 0271,367,2018-04-07,
272,PRJ0272,Project 0272,237,2019-10-15,
273,PRJ0273,Project 0273,425,2023-03-26,
274,PRJ0274,Project 0274,931,2020-09-07,
275,PRJ0275,Project 0275,916,2020-05-23,2024-06-13
276,PRJ0276,Project 0276,866,2022-07-15,
277,PRJ0277,Project 0277,784,2020-10-19,
278,PRJ0278,Project 0278,76,2021-07-17,2022-10-19
279,PRJ0279,Project 0279,533,2021-07-23,
280,PRJ0280,Project 0280,236,2018-09-21,
281,PRJ0281,Project 0281,420,2024-11-10,
282,PRJ0282,Project 0282,92,2022-10-17,
283,PRJ0283,Project 0283,851,2023-04-12,
284,PRJ0284,Project 0284,346,2022-09-19,
285,PRJ0285,Project 0285,542,2021-02-16,
286,PRJ0286,Project 0286,997,2022-11-14,2023-05-16
287,PRJ0287,Project 0287,501,2023-09-26,
288,PRJ0288,Project 0288,58,2020-11-30,
289,PRJ0289,Project 0289,866,2023-05-13,
290,PRJ0290,Project 0290,419,2024-04-07,
291,PRJ0291,Project 0291,573,2023-05-18,2024-07-22
292,PRJ0292,Project 0292,680,2024-11-18,
293,PRJ0293,Project 0293,640,2018-08-20,
294,PRJ0294,Project 0294,245,2020-04-29,2025-06-17
295,PRJ0295,Project 0295,490,2022-07-08,
296,PRJ0296,Project 0296,307,2018-09-06,2020-11-28
297,PRJ0297,Project 0297,350,2020-01-22,
298,PRJ0298,Project 0298,218,2023-08-18,
299,PRJ0299,Project 0299,511,2023-07-06,
300,PRJ0300,Project 0300,961,2020-12-31,2023-04-24
301,PRJ0301,Project 0301,490,2021-09-20,
302,PRJ0302,Project 0302,741,2021-01-11,2024-10-04
303,PRJ0303,Project 0303,795,2019-05-08,
304,PRJ0304,Project 0304,655,2019-01-09,
305,PRJ0305,Project 0305,782,2023-05-18,2024-05-09
306,PRJ0306,Project 0306,494,2022-09-19,
307,PRJ0307,Project 0307,414,2024-05-19,
308,PRJ0308,Project 0308,119,2018-01-23,2020-10-07
309,PRJ0309,Project 0309,537,2020-09-30,
310,PRJ0310,Project 0310,115,2020-02-12,
311,PRJ0311,Project 0311,99,2023-09-14,
312,PRJ0312,Project 0312,423,2023-12-06,
313,PRJ0313,Project 0313,448,2020-07-10,
314,PRJ0314,Project 0314,760,2019-11-30,2020-07-16
315,PRJ0315,Project 0315,671,2019-04-11,
316,PRJ0316,Project 0316,83,2025-02-26,2025-08-16
317,PRJ0317,Project 0317,862,2018-01-04,
318,PRJ0318,Project 0318,818,2018-06-03,
319,PRJ0319,Project 0319,991,2023-01-02,2024-06-03
320,PRJ0320,Project 0320,277,2018-12-28,2024-07-01
321,PRJ0321,Project 0321,14,2023-10-19,
322,PRJ0322,Project 0322,536,2023-01-17,2023-06-01
323,PRJ0323,Project 0323,793,2025-08-24,
324,PRJ0324,Project 0324,30,2024-09-13,2025-06-29
325,PRJ0325,Project 0325,382,2022-12-17,2023-08-05
326,PRJ0326,Project 0326,153,2019-08-17,2020-08-02
327,PRJ0327,Project 0327,51,2025-04-13,
328,PRJ0328,Project 0328,917,2023-11-24,
329,PRJ0329,Project 0329,476,2023-11-12,2025-08-06
330,PRJ0330,Project 0330,709,2024-03-07,2024-10-08
331,PRJ0331,Project 0331,106,2023-07-26,
332,PRJ0332,Project 0332,367,2024-09-08,
333,PRJ0333,Project 0333,373,2018-08-16,2020-03-01
334,PRJ0334,Project 0334,844,2023-09-08,
335,PRJ0335,Project 0335,226,2021-02-01,2021-06-07
336,PRJ0336,Project 0336,525,2020-03-12,
337,PRJ0337,Project 0337,767,2020-09-22,
338,PRJ0338,Project 0338,184,2018-03-15,
339,PRJ0339,Project 0339,752,2025-01-04,
340,PRJ0340,Project 0340,105,2021-09-14,2022-03-22
341,PRJ0341,Project 0341,844,2024-12-23,2025-07-13
342,PRJ0342,Project 0342,576,2023-09-10,
343,PRJ0343,Project 0343,51,2021-08-22,
344,PRJ0344,Project 0344,50,2024-10-23,
345,PRJ0345,Project 0345,334,2020-07-08,
346,PRJ0346,Project 0346,929,2019-01-18,2022-06-03
347,PRJ0347,Project 0347,610,2024-01-07,
348,PRJ0348,Project 0348,725,2022-02-01,
349,PRJ0349,Project 0349,693,2020-04-25,
350,PRJ0350,Project 0350,394,2019-11-20,
351,PRJ0351,Project 0351,794,2025-03-17,2025-08-07
352,PRJ0352,Project 0352,582,2019-04-08,
353,PRJ0353,Project 0353,161,2020-05-14,
354,PRJ0354,Project 0354,856,2022-07-14,
355,PRJ0355,Project 0355,843,2022-12-29,
356,PRJ0356,Project 0356,530,2018-12-04,
357,PRJ0357,Project 0357,901,2018-08-13,
358,PRJ0358,Project 0358,383,2024-04-05,2024-07-16
359,PRJ0359,Project 0359,104,2022-02-21,
360,PRJ0360,Project 0360,605,2023-03-19,
361,PRJ0361,Project 0361,275,2018-09-07,2023-07-01
362,PRJ0362,Project 0362,397,2022-03-02,
363,PRJ0363,Project 0363,76,2023-05-15,
364,PRJ0364,Project 0364,575,2018-04-29,2023-08-22
365,PRJ0365,Project 0365,785,2021-01-09,2022-08-15
366,PRJ0366,Project 0366,107,2025-05-10,
367,PRJ0367,Project 0367,595,2022-07-28,2023-09-02
368,PRJ0368,Project 0368,597,2024-09-16,
369,PRJ0369,Project 0369,830,2019-05-04,
370,PRJ0370,Project 0370,593,2019-01-05,
371,PRJ0371,Project 0371,115,2019-09-05,
372,PRJ0372,Project 0372,146,2025-07-05,
373,PRJ0373,Project 0373,206,2019-11-29,
374,PRJ0374,Project 0374,686,2024-03-08,
375,PRJ0375,Project 0375,713,2019-04-22,
376,PRJ0376,Project 0376,281,2018-01-26,2024-10-26
377,PRJ0377,Project 0377,391,2022-04-14,
378,PRJ0378,Project 0378,677,2021-06-16,
379,PRJ0379,Project 0379,201,2020-12-13,
380,PRJ0380,Project 0380,751,2024-06-06,
381,PRJ0381,Project 0381,801,2021-07-25,2022-06-05
382,PRJ0382,Project 0382,89,2025-07-12,
383,PRJ0383,Project 0383,803,2021-05-15,
384,PRJ0384,Project 0384,790,2019-06-11,
385,PRJ0385,Project 0385,338,2018-10-31,
386,PRJ0386,Project 0386,572,2020-02-14,2021-05-14
387,PRJ0387,Project 0387,970,2024-08-29,
388,PRJ0388,Project 0388,985,2020-05-17,2022-05-04
389,PRJ0389,Project 0389,147,2023-02-14,
390,PRJ0390,Project 0390,216,2024-09-14,2024-10-25
391,PRJ0391,Project 0391,911,2019-12-15,2022-10-22
392,PRJ0392,Project 0392,92,2025-04-19,
393,PRJ0393,Project 0393,128,2022-08-07,
394,PRJ0394,Project 0394,213,2021-04-08,
395,PRJ0395,Project 0395,170,2018-01-16,
396,PRJ0396,Project 0396,920,2021-11-04,2024-02-06
397,PRJ0397,Project 0397,669,2023-05-29,
398,PRJ0398,Project 0398,84,2021-04-20,
399,PRJ0399,Project 0399,11,2018-05-15,
400,PRJ0400,Project 0400,164,2022-10-06,
401,PRJ0401,Project 0401,264,2023-02-18,
402,PRJ0402,Project 0402,597,2024-08-28,2025-05-09
403,PRJ0403,Project 0403,206,2024-01-29,2024-12-19
404,PRJ0404,Project 0404,586,2024-03-05,
405,PRJ0405,Project 0405,464,2025-01-20,
406,PRJ0406,Project 0406,182,2019-11-27,
407,PRJ0407,Project 0407,669,2024-09-09,
408,PRJ0408,Project 0408,656,2025-01-04,
409,PRJ0409,Project 0409,425,2020-11-03,2022-05-08
410,PRJ0410,Project 0410,219,2024-08-17,
411,PRJ0411,Project 0411,895,2020-01-18,
412,PRJ0412,Project 0412,289,2021-10-11,
413,PRJ0413,Project 0413,75,2019-12-13,2024-03-06
414,PRJ0414,Project 0414,583,2024-11-13,
415,PRJ0415,Project 0415,72,2023-01-27,
416,PRJ0416,Project 0416,66,2025-02-18,2025-05-22
417,PRJ0417,Project 0417,748,2024-04-22,
418,PRJ0418,Project 0418,857,2025-02-12,
419,PRJ0419,Project 0419,630,2025-02-02,
420,PRJ0420,Project 0420,308,2024-08-30,
421,PRJ0421,Project 0421,911,2025-05-24,
422,PRJ0422,Project 0422,625,2021-08-08,
423,PRJ0423,Project 0423,25,2019-06-29,
424,PRJ0424,Project 0424,599,2020-11-28,
425,PRJ0425,Project 0425,629,2019-10-15,
426,PRJ0426,Project 0426,930,2020-06-10,
427,PRJ0427,Project 0427,107,2021-06-30,2022-03-15
428,PRJ0428,Project 0428,604,2022-09-15,2023-07-20
429,PRJ0429,Project 0429,477,2022-12-28,
430,PRJ0430,Project 0430,564,2025-05-01,
431,PRJ0431,Project 0431,37,2023-03-22,
432,PRJ0432,Project 0432,575,2023-10-24,2024-11-08
433,PRJ0433,Project 0433,451,2018-02-19,
434,PRJ0434,Project 0434,972,2019-09-29,
435,PRJ0435,Project 0435,150,2021-05-30,
436,PRJ0436,Project 0436,791,2019-11-29,
437,PRJ0437,Project 0437,990,2022-08-09,2023-05-25
438,PRJ0438,Project 0438,813,2021-12-29,
439,PRJ0439,Project 0439,990,2022-03-21,
440,PRJ0440,Project 0440,786,2024-09-18,2025-03-22
441,PRJ0441,Project 0441,515,2024-04-23,
442,PRJ0442,Project 0442,496,2023-12-03,
443,PRJ0443,Project 0443,800,2025-08-20,
444,PRJ0444,Project 0444,365,2021-10-20,
445,PRJ0445,Project 0445,394,2021-03-29,2024-08-17
446,PRJ0446,Project 0446,576,2019-05-14,
447,PRJ0447,Project 0447,553,2021-10-06,2023-01-17
448,PRJ0448,Project 0448,135,2021-12-21,
449,PRJ0449,Project 0449,983,2018-09-30,
450,PRJ0450,Project 0450,792,2023-10-03,
451,PRJ0451,Project 0451,103,2018-08-21,2020-01-01
452,PRJ0452,Project 0452,962,2022-03-13,
453,PRJ0453,Project 0453,11,2020-11-10,
454,PRJ0454,Project 0454,137,2023-09-01,
455,PRJ0455,Project 0455,12,2025-03-09,
456,PRJ0456,Project 0456,162,2019-04-02,
457,PRJ0457,Project 0457,566,2024-10-09,
458,PRJ0458,Project 0458,774,2020-06-18,2025-07-10
459,PRJ0459,Project 0459,262,2023-01-06,
460,PRJ0460,Project 0460,608,2022-03-29,
461,PRJ0461,Project 0461,953,2024-07-06,2025-01-06
462,PRJ0462,Project 0462,789,2021-03-08,2023-08-15
463,PRJ0463,Project 0463,153,2022-08-09,
464,PRJ0464,Project 0464,621,2019-09-14,
465,PRJ0465,Project 0465,382,2021-03-13,2023-02-27
466,PRJ0466,Project 0466,418,2022-03-09,
467,PRJ0467,Project 0467,710,2024-04-09,
468,PRJ0468,Project 0468,165,2025-02-10,
469,PRJ0469,Project 0469,77,2022-12-01,
470,PRJ0470,Project 0470,827,2018-10-11,
471,PRJ0471,Project 0471,433,2024-04-20,
472,PRJ0472,Project 0472,945,2021-04-04,
473,PRJ0473,Project 0473,538,2024-09-25,
474,PRJ0474,Project 0474,27,2024-03-06,
475,PRJ0475,Project 0475,614,2022-10-23,
476,PRJ0476,Project 0476,841,2025-03-30,
477,PRJ0477,Project 0477,750,2023-12-26,2025-02-24
478,PRJ0478,Project 0478,307,2018-06-08,
479,PRJ0479,Project 0479,995,2018-03-11,
480,PRJ0480,Project 0480,726,2023-12-29,
481,PRJ0481,Project 0481,981,2019-05-12,
482,PRJ0482,Project 0482,994,2021-11-04,2023-08-04
483,PRJ0483,Project 0483,796,2021-09-15,2025-07-19
484,PRJ0484,Project 0484,655,2020-06-06,
485,PRJ0485,Project 0485,10,2019-12-16,
486,PRJ0486,Project 0486,47,2024-12-25,
487,PRJ0487,Project 0487,732,2019-11-15,
488,PRJ0488,Project 0488,943,2022-11-08,
489,PRJ0489,Project 0489,742,2018-11-27,
490,PRJ0490,Project 0490,974,2024-02-18,
491,PRJ0491,Project 0491,563,2019-08-30,2022-07-10
492,PRJ0492,Project 0492,191,2025-01-03,
493,PRJ0493,Project 0493,758,2020-07-23,
494,PRJ0494,Project 0494,564,2018-06-30,
495,PRJ0495,Project 0495,321,2020-05-05,
496,PRJ0496,Project 0496,500,2018-02-06,
497,PRJ0497,Project 0497,71,2024-11-23,2025-06-29
498,PRJ0498,Project 0498,878,2023-08-07,2024-07-10
499,PRJ0499,Project 0499,559,2022-11-24,
500,PRJ0500,Project 0500,258,2018-09-19,2024-10-24
501,PRJ0501,Project 0501,831,2021-12-30,
502,PRJ0502,Project 0502,886,2022-07-31,
503,PRJ0503,Project 0503,110,2025-08-15,
504,PRJ0504,Project 0504,309,2022-05-05,
505,PRJ0505,Project 0505,716,2023-12-03,
506,PRJ0506,Project 0506,105,2025-01-13,
507,PRJ0507,Project 0507,102,2021-11-20,
508,PRJ0508,Project 0508,824,2019-12-21,
509,PRJ0509,Project 0509,223,2021-01-15,
510,PRJ0510,Project 0510,843,2019-02-27,2019-11-12
511,PRJ0511,Project 0511,115,2019-02-16,
512,PRJ0512,Project 0512,628,2020-12-14,2024-11-29
513,PRJ0513,Project 0513,880,2020-10-17,
514,PRJ0514,Project 0514,966,2024-07-02,
515,PRJ0515,Project 0515,475,2021-01-26,
516,PRJ0516,Project 0516,975,2021-08-21,
517,PRJ0517,Project 0517,184,2018-08-05,
518,PRJ0518,Project 0518,521,2018-05-24,2021-04-12
519,PRJ0519,Project 0519,147,2019-11-02,
520,PRJ0520,Project 0520,147,2025-06-11,
521,PRJ0521,Project 0521,612,2021-04-02,
522,PRJ0522,Project 0522,330,2021-06-22,2024-05-02
523,PRJ0523,Project 0523,175,2025-04-28,
524,PRJ0524,Project 0524,959,2020-10-29,
525,PRJ0525,Project 0525,520,2022-06-20,
526,PRJ0526,Project 0526,978,2018-11-06,2020-01-07
527,PRJ0527,Project 0527,435,2019-04-03,
528,PRJ0528,Project 0528,458,2021-12-21,
529,PRJ0529,Project 0529,984,2024-01-26,
530,PRJ0530,Project 0530,264,2023-09-15,
531,PRJ0531,Project 0531,904,2018-08-14,
532,PRJ0532,Project 0532,759,2019-08-06,2024-08-31
533,PRJ0533,Project 0533,158,2020-05-28,
534,PRJ0534,Project 0534,248,2020-01-25,
535,PRJ0535,Project 0535,210,2023-10-26,
536,PRJ0536,Project 0536,3,2021-06-25,
537,PRJ0537,Project 0537,69,2020-11-30,2022-11-12
538,PRJ0538,Project 0538,97,2020-08-21,
539,PRJ0539,Project 0539,306,2019-03-15,2023-01-07
540,PRJ0540,Project 0540,186,2021-06-07,2022-12-01
541,PRJ0541,Project 0541,414,2020-03-06,
542,PRJ0542,Project 0542,396,2024-11-07,
543,PRJ0543,Project 0543,87,2019-08-17,
544,PRJ0544,Project 0544,21,2024-07-07,
545,PRJ0545,Project 0545,4,2019-10-11,
546,PRJ0546,Project 0546,457,2022-05-28,
547,PRJ0547,Project 0547,657,2019-11-05,
548,PRJ0548,Project 0548,102,2023-08-24,
549,PRJ0549,Project 0549,216,2018-09-19,
550,PRJ0550,Project 0550,272,2019-08-31,2022-01-03
551,PRJ0551,Project 0551,381,2023-02-24,
552,PRJ0552,Project 0552,979,2018-05-03,2021-01-04
553,PRJ0553,Project 0553,767,2022-06-16,2022-12-04
554,PRJ0554,Project 0554,713,2022-04-05,
555,PRJ0555,Project 0555,452,2025-06-26,
556,PRJ0556,Project 0556,277,2023-03-18,2023-07-30
557,PRJ0557,Project 0557,255,2025-03-17,2025-07-20
558,PRJ0558,Project 0558,463,2024-03-27,
559,PRJ0559,Project 0559,941,2020-04-17,2021-03-26
560,PRJ0560,Project 0560,239,2019-02-18,2021-02-19
561,PRJ0561,Project 0561,50,2024-10-01,
562,PRJ0562,Project 0562,617,2018-03-22,
563,PRJ0563,Project 0563,169,2024-07-31,
564,PRJ0564,Project 0564,734,2023-01-08,
565,PRJ0565,Project 0565,541,2022-10-03,
566,PRJ0566,Project 0566,147,2018-05-13,
567,PRJ0567,Project 0567,881,2022-09-08,
568,PRJ0568,Project 0568,965,2025-01-26,2025-03-04
569,PRJ0569,Project 0569,557,2021-01-17,
570,PRJ0570,Project 0570,629,2021-01-01,
571,PRJ0571,Project 0571,837,2018-10-11,
572,PRJ0572,Project 0572,780,2023-12-24,
573,PRJ0573,Project 0573,272,2023-03-17,
574,PRJ0574,Project 0574,221,2021-03-20,2021-11-30
575,PRJ0575,Project 0575,814,2019-06-02,2023-03-14
576,PRJ0576,Project 0576,982,2022-06-27,2022-08-18
577,PRJ0577,Project 0577,389,2023-09-30,
578,PRJ0578,Project 0578,738,2019-07-07,2021-08-21
579,PRJ0579,Project 0579,72,2018-02-22,2022-02-01
580,PRJ0580,Project 0580,132,2024-12-09,2025-06-27
581,PRJ0581,Project 0581,552,2024-03-25,
582,PRJ0582,Project 0582,444,2020-05-07,
583,PRJ0583,Project 0583,151,2021-09-04,
584,PRJ0584,Project 0584,6,2024-05-14,2024-09-03
585,PRJ0585,Project 0585,19,2024-05-23,2025-07-30
586,PRJ0586,Project 0586,651,2019-11-24,2020-04-03
587,PRJ0587,Project 0587,392,2025-08-15,
588,PRJ0588,Project 0588,46,2024-02-14,
589,PRJ0589,Project 0589,477,2018-02-25,
590,PRJ0590,Project 0590,211,2019-06-18,
591,PRJ0591,Project 0591,923,2025-02-05,
592,PRJ0592,Project 0592,754,2021-03-04,2021-05-31
593,PRJ0593,Project 0593,872,2018-07-21,
594,PRJ0594,Project 0594,809,2019-09-25,2021-04-20
595,PRJ0595,Project 0595,514,2023-11-08,2025-01-28
596,PRJ0596,Project 0596,133,2018-12-10,
597,PRJ0597,Project 0597,292,2024-08-13,
598,PRJ0598,Project 0598,153,2024-01-04,2025-03-15
599,PRJ0599,Project 0599,675,2021-08-27,2022-11-29
600,PRJ0600,Project 0600,196,2024-08-22,
601,PRJ0601,Project 0601,523,2023-02-08,
602,PRJ0602,Project 0602,482,2024-01-13,
603,PRJ0603,Project 0603,338,2024-01-21,2024-12-09
604,PRJ0604,Project 0604,901,2019-01-19,2019-07-09
605,PRJ0605,Project 0605,4,2025-07-30,
606,PRJ0606,Project 0606,238,2024-07-15,
607,PRJ0607,Project 0607,706,2020-08-29,
608,PRJ0608,Project 0608,90,2024-02-26,
609,PRJ0609,Project 0609,590,2020-10-25,2021-02-03
610,PRJ0610,Project 0610,548,2025-08-10,
611,PRJ0611,Project 0611,137,2020-01-01,
612,PRJ0612,Project 0612,415,2022-03-28,
613,PRJ0613,Project 0613,675,2018-09-10,
614,PRJ0614,Project 0614,471,2019-09-20,
615,PRJ0615,Project 0615,710,2025-06-13,
616,PRJ0616,Project 0616,774,2021-03-18,
617,PRJ0617,Project 0617,959,2021-12-12,
618,PRJ0618,Project 0618,898,2020-04-13,2021-12-03
619,PRJ0619,Project 0619,159,2020-09-27,
620,PRJ0620,Project 0620,822,2024-07-05,
621,PRJ0621,Project 0621,803,2022-05-04,
622,PRJ0622,Project 0622,621,2022-06-06,2025-01-14
623,PRJ0623,Project 0623,365,2025-05-31,
624,PRJ0624,Project 0624,169,2024-08-19,
625,PRJ0625,Project 0625,677,2024-11-01,
626,PRJ0626,Project 0626,10,2020-01-26,
627,PRJ0627,Project 0627,327,2018-05-17,
628,PRJ0628,Project 0628,200,2019-01-03,
629,PRJ0629,Project 0629,767,2022-07-11,
630,PRJ0630,Project 0630,192,2023-01-14,
631,PRJ0631,Project 0631,208,2024-10-01,
632,PRJ0632,Project 0632,799,2023-07-24,2024-05-21
633,PRJ0633,Project 0633,694,2024-02-15,
634,PRJ0634,Project 0634,497,2022-06-05,
635,PRJ0635,Project 0635,248,2021-12-05,
636,PRJ0636,Project 0636,213,2023-07-29,
637,PRJ0637,Project 0637,900,2020-05-30,2023-06-22
638,PRJ0638,Project 0638,551,2023-08-02,
639,PRJ0639,Project 0639,757,2023-01-29,
640,PRJ0640,Project 0640,461,2018-01-01,
641,PRJ0641,Project 0641,224,2024-03-18,
642,PRJ0642,Project 0642,365,2019-04-29,
643,PRJ0643,Project 0643,210,2025-02-15,
644,PRJ0644,Project 0644,842,2022-09-24,2022-11-25
645,PRJ0645,Project 0645,714,2021-11-01,
646,PRJ0646,Project 0646,341,2019-08-18,
647,PRJ0647,Project 0647,819,2019-08-02,
648,PRJ0648,Project 0648,612,2025-03-02,
649,PRJ0649,Project 0649,933,2025-08-07,
650,PRJ0650,Project 0650,372,2022-08-11,
651,PRJ0651,Project 0651,898,2023-06-14,
652,PRJ0652,Project 0652,166,2021-01-22,
653,PRJ0653,Project 0653,406,2023-10-16,
654,PRJ0654,Project 0654,253,2024-02-10,
655,PRJ0655,Project 0655,956,2022-02-22,2024-12-24
656,PRJ0656,Project 0656,841,2024-12-13,
657,PRJ0657,Project 0657,574,2018-12-26,2020-03-20
658,PRJ0658,Project 0658,323,2024-09-18,
659,PRJ0659,Project 0659,569,2024-11-19,
660,PRJ0660,Project 0660,810,2022-01-30,2022-10-19
661,PRJ0661,Project 0661,411,2019-01-08,
662,PRJ0662,Project 0662,183,2019-04-07,
663,PRJ0663,Project 0663,546,2019-10-23,2024-06-10
664,PRJ0664,Project 0664,904,2023-09-03,2025-04-06
665,PRJ0665,Project 0665,632,2019-12-18,
666,PRJ0666,Project 0666,90,2022-09-19,
667,PRJ0667,Project 0667,176,2020-03-30,
668,PRJ0668,Project 0668,239,2019-01-18,
669,PRJ0669,Project 0669,868,2024-03-29,
670,PRJ0670,Project 0670,268,2024-11-14,
671,PRJ0671,Project 0671,60,2021-04-16,
672,PRJ0672,Project 0672,567,2020-05-29,
673,PRJ0673,Project 0673,254,2023-01-26,
674,PRJ0674,Project 0674,740,2024-11-12,2025-03-27
675,PRJ0675,Project 0675,945,2025-07-26,
676,PRJ0676,Project 0676,820,2019-12-04,
677,PRJ0677,Project 0677,825,2025-04-13,
678,PRJ0678,Project 0678,269,2024-09-05,
679,PRJ0679,Project 0679,116,2021-11-12,
680,PRJ0680,Project 0680,286,2021-03-02,
681,PRJ0681,Project 0681,509,2018-12-12,
682,PRJ0682,Project 0682,885,2018-01-06,
683,PRJ0683,Project 0683,88,2025-05-05,
684,PRJ0684,Project 0684,234,2025-04-30,2025-07-03
685,PRJ0685,Project 0685,366,2018-05-02,
686,PRJ0686,Project 0686,879,2023-07-03,2025-06-07
687,PRJ0687,Project 0687,323,2023-12-04,
688,PRJ0688,Project 0688,378,2021-09-16,
689,PRJ0689,Project 0689,885,2024-12-10,
690,PRJ0690,Project 0690,700,2019-04-02,
691,PRJ0691,Project 0691,363,2019-08-03,
692,PRJ0692,Project 0692,407,2024-06-25,
693,PRJ0693,Project 0693,341,2024-09-07,
694,PRJ0694,Project 0694,828,2022-11-11,
695,PRJ0695,Project 0695,338,2019-04-04,
696,PRJ0696,Project 0696,522,2021-05-05,
697,PRJ0697,Project 0697,453,2018-10-08,2021-08-04
698,PRJ0698,Project 0698,837,2024-12-15,
699,PRJ0699,Project 0699,361,2022-04-14,2023-09-01
700,PRJ0700,Project 0700,524,2023-01-02,
701,PRJ0701,Project 0701,613,2022-12-20,2023-05-23
702,PRJ0702,Project 0702,66,2023-02-03,
703,PRJ0703,Project 0703,296,2021-10-20,
704,PRJ0704,Project 0704,6,2020-04-09,2025-07-05
705,PRJ0705,Project 0705,574,2021-12-31,
706,PRJ0706,Project 0706,728,2019-02-16,
707,PRJ0707,Project 0707,607,2020-06-08,
708,PRJ0708,Project 0708,480,2022-05-02,
709,PRJ0709,Project 0709,582,2024-09-16,
710,PRJ0710,Project 0710,263,2022-10-12,
711,PRJ0711,Project 0711,59,2024-05-14,
712,PRJ0712,Project 0712,686,2021-05-23,
713,PRJ0713,Project 0713,264,2022-05-15,
714,PRJ0714,Project 0714,857,2020-06-30,
715,PRJ0715,Project 0715,598,2020-04-08,
716,PRJ0716,Project 0716,822,2020-07-04,
717,PRJ0717,Project 0717,269,2023-01-08,
718,PRJ0718,Project 0718,610,2022-08-28,
719,PRJ0719,Project 0719,951,2024-05-19,
720,PRJ0720,Project 0720,125,2023-09-17,
721,PRJ0721,Project 0721,86,2025-08-14,
722,PRJ0722,Project 0722,827,2020-12-04,
723,PRJ0723,Project 0723,396,2020-05-23,2023-11-28
724,PRJ0724,Project 0724,687,2022-01-15,
725,PRJ0725,Project 0725,745,2019-06-28,
726,PRJ0726,Project 0726,81,2022-07-05,
727,PRJ0727,Project 0727,450,2018-05-28,
728,PRJ0728,Project 0728,20,2025-04-23,
729,PRJ0729,Project 0729,535,2024-10-18,
730,PRJ0730,Project 0730,524,2020-02-28,
731,PRJ0731,Project 0731,509,2025-06-16,2025-07-21
732,PRJ0732,Project 0732,699,2022-10-26,
733,PRJ0733,Project 0733,850,2024-05-20,
734,PRJ0734,Project 0734,360,2024-10-05,
735,PRJ0735,Project 0735,625,2021-04-06,
736,PRJ0736,Project 0736,773,2021-02-08,2022-12-15
737,PRJ0737,Project 0737,926,2018-01-10,
738,PRJ0738,Project 0738,354,2019-11-14,
739,PRJ0739,Project 0739,240,2018-09-24,
740,PRJ0740,Project 0740,513,2019-07-01,
741,PRJ0741,Project 0741,333,2022-03-04,
742,PRJ0742,Project 0742,960,2023-10-04,
743,PRJ0743,Project 0743,170,2021-05-29,
744,PRJ0744,Project 0744,398,2019-12-26,2024-06-10
745,PRJ0745,Project 0745,531,2024-09-01,2025-02-08
746,PRJ0746,Project 0746,340,2024-08-29,
747,PRJ0747,Project 0747,194,2018-05-27,
748,PRJ0748,Project 0748,615,2019-08-08,2022-07-28
749,PRJ0749,Project 0749,132,2023-10-28,
750,PRJ0750,Project 0750,777,2025-05-27,2025-07-31
751,PRJ0751,Project 0751,377,2021-11-11,
752,PRJ0752,Project 0752,617,2022-12-12,2024-04-30
753,PRJ0753,Project 0753,472,2018-09-27,
754,PRJ0754,Project 0754,367,2018-06-16,
755,PRJ0755,Project 0755,288,2023-07-06,
756,PRJ0756,Project 0756,398,2018-04-27,
757,PRJ0757,Project 0757,4,2025-06-28,
758,PRJ0758,Project 0758,34,2019-07-18,
759,PRJ0759,Project 0759,692,2018-08-20,2022-06-10
760,PRJ0760,Project 0760,400,2018-04-08,2024-10-02
761,PRJ0761,Project 0761,47,2019-03-18,2021-11-22
762,PRJ0762,Project 0762,212,2021-06-25,
763,PRJ0763,Project 0763,212,2022-05-15,
764,PRJ0764,Project 0764,495,2021-08-10,2023-04-11
765,PRJ0765,Project 0765,42,2020-07-18,
766,PRJ0766,Project 0766,424,2024-07-10,
767,PRJ0767,Project 0767,41,2022-01-09,2022-06-21
768,PRJ0768,Project 0768,123,2018-05-16,
769,PRJ0769,Project 0769,176,2018-12-16,2024-09-16
770,PRJ0770,Project 0770,446,2022-03-03,
771,PRJ0771,Project 0771,416,2024-07-07,2025-02-20
772,PRJ0772,Project 0772,597,2024-08-03,
773,PRJ0773,Project 0773,670,2019-11-26,
774,PRJ0774,Project 0774,883,2024-04-19,
775,PRJ0775,Project 0775,683,2019-09-15,
776,PRJ0776,Project 0776,441,2021-01-17,
777,PRJ0777,Project 0777,723,2020-11-30,
778,PRJ0778,Project 0778,134,2018-07-25,
779,PRJ0779,Project 0779,549,2025-08-08,
780,PRJ0780,Project 0780,344,2023-09-19,
781,PRJ0781,Project 0781,443,2018-04-13,
782,PRJ0782,Project 0782,863,2020-02-13,
783,PRJ0783,Project 0783,705,2024-01-04,2024-02-07
784,PRJ0784,Project 0784,452,2021-07-03,
785,PRJ0785,Project 0785,75,2019-11-21,
786,PRJ0786,Project 0786,450,2018-08-28,2024-02-14
787,PRJ0787,Project 0787,151,2019-09-15,
788,PRJ0788,Project 0788,991,2023-01-17,
789,PRJ0789,Project 0789,770,2021-03-21,
790,PRJ0790,Project 0790,835,2018-08-30,
791,PRJ0791,Project 0791,117,2022-02-27,
792,PRJ0792,Project 0792,558,2025-03-15,2025-05-21
793,PRJ0793,Project 0793,942,2021-04-29,2021-08-24
794,PRJ0794,Project 0794,689,2024-07-26,
795,PRJ0795,Project 0795,766,2021-01-27,
796,PRJ0796,Project 0796,148,2024-10-15,
797,PRJ0797,Project 0797,810,2023-04-11,
798,PRJ0798,Project 0798,534,2022-06-11,2023-02-14
799,PRJ0799,Project 0799,120,2018-07-20,
800,PRJ0800,Project 0800,931,2023-10-06,
801,PRJ0801,Project 0801,169,2023-08-22,2025-05-19
802,PRJ0802,Project 0802,117,2022-11-01,
803,PRJ0803,Project 0803,1000,2022-11-25,
804,PRJ0804,Project 0804,718,2021-04-13,
805,PRJ0805,Project 0805,568,2018-01-15,
806,PRJ0806,Project 0806,536,2023-07-20,
807,PRJ0807,Project 0807,109,2024-06-10,
808,PRJ0808,Project 0808,741,2020-10-15,
809,PRJ0809,Project 0809,968,2022-02-16,
810,PRJ0810,Project 0810,335,2020-04-22,2020-07-04
811,PRJ0811,Project 0811,224,2018-01-21,
812,PRJ0812,Project 0812,173,2018-12-30,2024-03-13
813,PRJ0813,Project 0813,591,2019-03-01,
814,PRJ0814,Project 0814,965,2021-08-11,
815,PRJ0815,Project 0815,596,2022-02-05,
816,PRJ0816,Project 0816,772,2019-10-14,
817,PRJ0817,Project 0817,869,2019-01-21,
818,PRJ0818,Project 0818,966,2022-01-31,
819,PRJ0819,Project 0819,520,2022-08-24,2025-07-09
820,PRJ0820,Project 0820,574,2023-12-21,
821,PRJ0821,Project 0821,860,2019-02-01,
822,PRJ0822,Project 0822,743,2023-03-18,
823,PRJ0823,Project 0823,150,2018-06-01,
824,PRJ0824,Project 0824,164,2019-05-02,2024-04-14
825,PRJ0825,Project 0825,654,2020-07-03,2021-12-14
826,PRJ0826,Project 0826,430,2021-03-02,
827,PRJ0827,Project 0827,495,2019-08-29,
828,PRJ0828,Project 0828,444,2021-06-14,
829,PRJ0829,Project 0829,741,2021-07-23,2022-12-01
830,PRJ0830,Project 0830,511,2018-05-18,
831,PRJ0831,Project 0831,833,2025-01-20,
832,PRJ0832,Project 0832,685,2022-08-01,
833,PRJ0833,Project 0833,99,2019-08-26,
834,PRJ0834,Project 0834,122,2021-04-01,2023-07-06
835,PRJ0835,Project 0835,664,2020-01-28,
836,PRJ0836,Project 0836,853,2019-04-27,
837,PRJ0837,Project 0837,893,2018-02-25,
838,PRJ0838,Project 0838,9,2024-06-04,
839,PRJ0839,Project 0839,188,2025-04-15,
840,PRJ0840,Project 0840,496,2020-05-29,2025-06-09
841,PRJ0841,Project 0841,543,2024-10-10,2025-01-20
842,PRJ0842,Project 0842,980,2020-01-14,
843,PRJ0843,Project 0843,547,2022-03-20,
844,PRJ0844,Project 0844,625,2018-03-04,2019-07-07
845,PRJ0845,Project 0845,443,2018-10-14,
846,PRJ0846,Project 0846,418,2025-07-23,
847,PRJ0847,Project 0847,432,2018-02-16,
848,PRJ0848,Project 0848,26,2018-06-22,2021-11-15
849,PRJ0849,Project 0849,185,2022-01-28,
850,PRJ0850,Project 0850,862,2019-10-10,
851,PRJ0851,Project 0851,38,2024-07-21,
852,PRJ0852,Project 0852,633,2022-08-20,
853,PRJ0853,Project 0853,147,2024-03-13,
854,PRJ0854,Project 0854,642,2024-03-01,
855,PRJ0855,Project 0855,981,2025-08-04,
856,PRJ0856,Project 0856,109,2024-01-03,
857,PRJ0857,Project 0857,635,2024-05-16,2025-02-10
858,PRJ0858,Project 0858,47,2018-06-07,
859,PRJ0859,Project 0859,460,2024-11-20,2025-07-22
860,PRJ0860,Project 0860,619,2024-08-04,2025-07-12
861,PRJ0861,Project 0861,749,2018-12-23,2022-08-14
862,PRJ0862,Project 0862,75,2023-07-13,
863,PRJ0863,Project 0863,558,2025-07-11,
864,PRJ0864,Project 0864,170,2018-12-28,
865,PRJ0865,Project 0865,196,2022-06-15,
866,PRJ0866,Project 0866,211,2023-08-26,2025-03-18
867,PRJ0867,Project 0867,612,2018-11-02,
868,PRJ0868,Project 0868,666,2024-04-15,
869,PRJ0869,Project 0869,985,2018-08-18,2024-07-12
870,PRJ0870,Project 0870,494,2020-01-22,
871,PRJ0871,Project 0871,65,2020-08-27,2022-07-23
872,PRJ0872,Project 0872,675,2020-10-17,
873,PRJ0873,Project 0873,499,2022-03-24,
874,PRJ0874,Project 0874,77,2019-12-04,2020-01-13
875,PRJ0875,Project 0875,634,2025-06-27,
876,PRJ0876,Project 0876,502,2019-07-23,
877,PRJ0877,Project 0877,629,2023-05-15,
878,PRJ0878,Project 0878,747,2018-08-08,2019-08-15
879,PRJ0879,Project 0879,393,2018-05-06,2019-03-21
880,PRJ0880,Project 0880,648,2019-08-26,
881,PRJ0881,Project 0881,758,2023-02-06,
882,PRJ0882,Project 0882,211,2018-06-19,
883,PRJ0883,Project 0883,718,2018-05-07,
884,PRJ0884,Project 0884,252,2023-10-29,
885,PRJ0885,Project 0885,681,2021-06-02,
886,PRJ0886,Project 0886,773,2020-09-06,
887,PRJ0887,Project 0887,606,2022-09-12,
888,PRJ0888,Project 0888,839,2019-08-27,
889,PRJ0889,Project 0889,552,2018-04-26,
890,PRJ0890,Project 0890,685,2020-10-08,
891,PRJ0891,Project 0891,547,2018-12-02,
892,PRJ0892,Project 0892,972,2023-02-09,2023-09-13
893,PRJ0893,Project 0893,81,2022-10-22,2023-09-29
894,PRJ0894,Project 0894,522,2022-12-08,
895,PRJ0895,Project 0895,216,2019-02-17,
896,PRJ0896,Project 0896,978,2018-05-08,2023-07-13
897,PRJ0897,Project 0897,700,2022-11-03,
898,PRJ0898,Project 0898,704,2018-01-17,
899,PRJ0899,Project 0899,100,2018-12-03,2022-09-13
900,PRJ0900,Project 0900,39,2024-11-16,
901,PRJ0901,Project 0901,462,2019-09-29,2024-08-18
902,PRJ0902,Project 0902,703,2023-09-27,
903,PRJ0903,Project 0903,321,2018-02-14,
904,PRJ0904,Project 0904,419,2023-09-21,
905,PRJ0905,Project 0905,844,2018-10-14,
906,PRJ0906,Project 0906,727,2020-11-16,
907,PRJ0907,Project 0907,666,2024-11-22,
908,PRJ0908,Project 0908,79,2018-11-10,2021-06-16
909,PRJ0909,Project 0909,348,2020-10-25,
910,PRJ0910,Project 0910,7,2025-03-18,
911,PRJ0911,Project 0911,127,2024-12-23,2025-05-06
912,PRJ0912,Project 0912,865,2025-02-25,
913,PRJ0913,Project 0913,40,2023-11-24,
914,PRJ0914,Project 0914,923,2025-02-05,
915,PRJ0915,Project 0915,715,2021-10-29,
916,PRJ0916,Project 0916,121,2018-09-01,2020-03-22
917,PRJ0917,Project 0917,646,2019-06-05,
918,PRJ0918,Project 0918,778,2025-01-20,2025-06-11
919,PRJ0919,Project 0919,143,2024-01-15,
920,PRJ0920,Project 0920,864,2025-07-26,
921,PRJ0921,Project 0921,657,2020-06-30,
922,PRJ0922,Project 0922,210,2023-10-24,
923,PRJ0923,Project 0923,469,2022-02-11,2022-10-28
924,PRJ0924,Project 0924,657,2022-01-11,
925,PRJ0925,Project 0925,864,2018-10-13,
926,PRJ0926,Project 0926,37,2020-10-06,
927,PRJ0927,Project 0927,205,2025-06-02,2025-08-03
928,PRJ0928,Project 0928,664,2024-06-18,
929,PRJ0929,Project 0929,716,2018-11-05,2025-03-06
930,PRJ0930,Project 0930,450,2022-09-29,2024-09-04
931,PRJ0931,Project 0931,822,2022-03-01,
932,PRJ0932,Project 0932,725,2024-11-30,2025-01-09
933,PRJ0933,Project 0933,277,2022-04-13,2024-01-05
934,PRJ0934,Project 0934,924,2022-11-29,2025-01-16
935,PRJ0935,Project 0935,158,2018-10-30,
936,PRJ0936,Project 0936,589,2023-12-27,
937,PRJ0937,Project 0937,50,2019-01-08,2022-05-23
938,PRJ0938,Project 0938,215,2022-10-18,
939,PRJ0939,Project 0939,219,2023-03-18,2024-01-27
940,PRJ0940,Project 0940,484,2018-01-17,
941,PRJ0941,Project 0941,989,2023-02-09,
942,PRJ0942,Project 0942,400,2021-11-08,2022-03-18
943,PRJ0943,Project 0943,654,2022-02-05,
944,PRJ0944,Project 0944,552,2022-11-30,
945,PRJ0945,Project 0945,925,2024-06-19,
946,PRJ0946,Project 0946,428,2020-08-10,
947,PRJ0947,Project 0947,237,2018-12-23,
948,PRJ0948,Project 0948,139,2020-01-21,
949,PRJ0949,Project 0949,536,2024-08-28,
950,PRJ0950,Project 0950,201,2023-02-01,2025-05-17
951,PRJ0951,Project 0951,553,2024-03-30,
952,PRJ0952,Project 0952,345,2024-03-10,
953,PRJ0953,Project 0953,629,2019-08-05,
954,PRJ0954,Project 0954,732,2019-02-19,
955,PRJ0955,Project 0955,377,2025-02-25,
956,PRJ0956,Project 0956,758,2023-09-07,
957,PRJ0957,Project 0957,137,2019-07-16,
958,PRJ0958,Project 0958,397,2020-02-29,2020-11-22
959,PRJ0959,Project 0959,397,2024-08-24,
960,PRJ0960,Project 0960,189,2024-06-17,2025-07-30
961,PRJ0961,Project 0961,808,2024-09-04,2025-02-20
962,PRJ0962,Project 0962,276,2018-09-24,
963,PRJ0963,Project 0963,809,2020-09-17,
964,PRJ0964,Project 0964,897,2022-07-09,
965,PRJ0965,Project 0965,690,2018-08-28,2025-01-26
966,PRJ0966,Project 0966,925,2021-09-06,
967,PRJ0967,Project 0967,882,2019-09-23,2022-04-01
968,PRJ0968,Project 0968,213,2019-01-23,
969,PRJ0969,Project 0969,875,2021-10-09,
970,PRJ0970,Project 0970,149,2023-06-13,
971,PRJ0971,Project 0971,899,2021-05-10,
972,PRJ0972,Project 0972,913,2023-02-14,
973,PRJ0973,Project 0973,598,2019-05-09,
974,PRJ0974,Project 0974,750,2022-02-17,2024-12-04
975,PRJ0975,Project 0975,703,2024-09-16,2024-10-28
976,PRJ0976,Project 0976,230,2019-09-21,
977,PRJ0977,Project 0977,216,2019-12-25,2022-02-25
978,PRJ0978,Project 0978,238,2021-11-06,2025-01-30
979,PRJ0979,Project 0979,602,2024-07-20,
980,PRJ0980,Project 0980,862,2018-08-29,
981,PRJ0981,Project 0981,122,2020-08-18,
982,PRJ0982,Project 0982,992,2021-08-29,
983,PRJ0983,Project 0983,820,2018-12-30,
984,PRJ0984,Project 0984,546,2019-11-07,2024-06-25
985,PRJ0985,Project 0985,55,2020-01-11,2022-11-03
986,PRJ0986,Project 0986,681,2018-11-09,2025-08-01
987,PRJ0987,Project 0987,559,2025-02-05,
988,PRJ0988,Project 0988,990,2021-11-09,
989,PRJ0989,Project 0989,514,2021-04-25,
990,PRJ0990,Project 0990,836,2019-03-01,
991,PRJ0991,Project 0991,478,2024-08-14,2025-07-11
992,PRJ0992,Project 0992,436,2023-10-20,
993,PRJ0993,Project 0993,911,2018-01-03,2019-07-09
994,PRJ0994,Project 0994,279,2021-07-15,
995,PRJ0995,Project 0995,282,2019-12-26,2025-05-23
996,PRJ0996,Project 0996,15,2023-01-23,
997,PRJ0997,Project 0997,45,2024-10-28,
998,PRJ0998,Project 0998,820,2020-04-14,
999,PRJ0999,Project 0999,179,2024-09-24,
1000,PRJ1000,Project 1000,21,2019-08-29,
