office_id,city,country,timezone
1,City_0001,Australia,Australia/Sydney
2,City_0002,Japan,Asia/Tokyo
3,City_0003,Canada,America/Toronto
4,City_0004,India,Asia/Kolkata
5,City_0005,Canada,America/Toronto
6,City_0006,Canada,America/Toronto
7,City_0007,Brazil,America/Sao_Paulo
8,City_0008,Brazil,America/Sao_Paulo
9,City_0009,UAE,Asia/Dubai
10,City_0010,UK,Europe/London
11,City_0011,UAE,Asia/Dubai
12,City_0012,Japan,Asia/Tokyo
13,City_0013,UAE,Asia/Dubai
14,City_0014,Australia,Australia/Sydney
15,City_0015,Australia,Australia/Sydney
16,City_0016,Japan,Asia/Tokyo
17,City_0017,Japan,Asia/Tokyo
18,City_0018,Singapore,Asia/Singapore
19,City_0019,UAE,Asia/Dubai
20,City_0020,Australia,Australia/Sydney
21,City_0021,Germany,Europe/Berlin
22,City_0022,Germany,Europe/Berlin
23,City_0023,Brazil,America/Sao_Paulo
24,City_0024,Singapore,Asia/Singapore
25,City_0025,Germany,Europe/Berlin
26,City_0026,Singapore,Asia/Singapore
27,City_0027,India,Asia/Kolkata
28,City_0028,Australia,Australia/Sydney
29,City_0029,UAE,Asia/Dubai
30,City_0030,Singapore,Asia/Singapore
31,City_0031,Singapore,Asia/Singapore
32,City_0032,UK,Europe/London
33,City_0033,UAE,Asia/Dubai
34,City_0034,India,Asia/Kolkata
35,City_0035,UK,Europe/London
36,City_0036,Japan,Asia/Tokyo
37,City_0037,Brazil,America/Sao_Paulo
38,City_0038,Australia,Australia/Sydney
39,City_0039,USA,America/New_York
40,City_0040,UAE,Asia/Dubai
41,City_0041,USA,America/New_York
42,City_0042,Japan,Asia/Tokyo
43,City_0043,UAE,Asia/Dubai
44,City_0044,India,Asia/Kolkata
45,City_0045,UK,Europe/London
46,City_0046,Singapore,Asia/Singapore
47,City_0047,UK,Europe/London
48,City_0048,USA,America/New_York
49,City_0049,UAE,Asia/Dubai
50,City_0050,Canada,America/Toronto
51,City_0051,Australia,Australia/Sydney
52,City_0052,Brazil,America/Sao_Paulo
53,City_0053,Singapore,Asia/Singapore
54,City_0054,USA,America/New_York
55,City_0055,Australia,Australia/Sydney
56,City_0056,Japan,Asia/Tokyo
57,City_0057,Singapore,Asia/Singapore
58,City_0058,Australia,Australia/Sydney
59,City_0059,UAE,Asia/Dubai
60,City_0060,Japan,Asia/Tokyo
61,City_0061,India,Asia/Kolkata
62,City_0062,Brazil,America/Sao_Paulo
63,City_0063,USA,America/New_York
64,City_0064,Germany,Europe/Berlin
65,City_0065,Canada,America/Toronto
66,City_0066,Germany,Europe/Berlin
67,City_0067,USA,America/New_York
68,City_0068,Singapore,Asia/Singapore
69,City_0069,USA,America/New_York
70,City_0070,USA,America/New_York
71,City_0071,UAE,Asia/Dubai
72,City_0072,UK,Europe/London
73,City_0073,Canada,America/Toronto
74,City_0074,India,Asia/Kolkata
75,City_0075,India,Asia/Kolkata
76,City_0076,Australia,Australia/Sydney
77,City_0077,India,Asia/Kolkata
78,City_0078,Canada,America/Toronto
79,City_0079,Australia,Australia/Sydney
80,City_0080,Australia,Australia/Sydney
81,City_0081,Singapore,Asia/Singapore
82,City_0082,UK,Europe/London
83,City_0083,Germany,Europe/Berlin
84,City_0084,Japan,Asia/Tokyo
85,City_0085,Singapore,Asia/Singapore
86,City_0086,Brazil,America/Sao_Paulo
87,City_0087,UK,Europe/London
88,City_0088,UK,Europe/London
89,City_0089,UK,Europe/London
90,City_0090,USA,America/New_York
91,City_0091,Brazil,America/Sao_Paulo
92,City_0092,Singapore,Asia/Singapore
93,City_0093,Brazil,America/Sao_Paulo
94,City_0094,Germany,Europe/Berlin
95,City_0095,UAE,Asia/Dubai
96,City_0096,Brazil,America/Sao_Paulo
97,City_0097,UK,Europe/London
98,City_0098,Germany,Europe/Berlin
99,City_0099,UAE,Asia/Dubai
100,City_0100,Canada,America/Toronto
101,City_0101,UAE,Asia/Dubai
102,City_0102,Canada,America/Toronto
103,City_0103,India,Asia/Kolkata
104,City_0104,UAE,Asia/Dubai
105,City_0105,Canada,America/Toronto
106,City_0106,Japan,Asia/Tokyo
107,City_0107,UK,Europe/London
108,City_0108,USA,America/New_York
109,City_0109,UAE,Asia/Dubai
110,City_0110,Australia,Australia/Sydney
111,City_0111,Brazil,America/Sao_Paulo
112,City_0112,Canada,America/Toronto
113,City_0113,Singapore,Asia/Singapore
114,City_0114,Canada,America/Toronto
115,City_0115,UAE,Asia/Dubai
116,City_0116,Canada,America/Toronto
117,City_0117,Germany,Europe/Berlin
118,City_0118,Singapore,Asia/Singapore
119,City_0119,UAE,Asia/Dubai
120,City_0120,USA,America/New_York
121,City_0121,Germany,Europe/Berlin
122,City_0122,Singapore,Asia/Singapore
123,City_0123,Brazil,America/Sao_Paulo
124,City_0124,Australia,Australia/Sydney
125,City_0125,Brazil,America/Sao_Paulo
126,City_0126,Canada,America/Toronto
127,City_0127,Canada,America/Toronto
128,City_0128,India,Asia/Kolkata
129,City_0129,Singapore,Asia/Singapore
130,City_0130,Canada,America/Toronto
131,City_0131,India,Asia/Kolkata
132,City_0132,Brazil,America/Sao_Paulo
133,City_0133,India,Asia/Kolkata
134,City_0134,Brazil,America/Sao_Paulo
135,City_0135,UAE,Asia/Dubai
136,City_0136,Canada,America/Toronto
137,City_0137,Germany,Europe/Berlin
138,City_0138,Brazil,America/Sao_Paulo
139,City_0139,Australia,Australia/Sydney
140,City_0140,Germany,Europe/Berlin
141,City_0141,Germany,Europe/Berlin
142,City_0142,Brazil,America/Sao_Paulo
143,City_0143,Canada,America/Toronto
144,City_0144,UK,Europe/London
145,City_0145,USA,America/New_York
146,City_0146,India,Asia/Kolkata
147,City_0147,Canada,America/Toronto
148,City_0148,UAE,Asia/Dubai
149,City_0149,India,Asia/Kolkata
150,City_0150,Brazil,America/Sao_Paulo
151,City_0151,Australia,Australia/Sydney
152,City_0152,UK,Europe/London
153,City_0153,USA,America/New_York
154,City_0154,Canada,America/Toronto
155,City_0155,Australia,Australia/Sydney
156,City_0156,Singapore,Asia/Singapore
157,City_0157,UK,Europe/London
158,City_0158,Germany,Europe/Berlin
159,City_0159,UK,Europe/London
160,City_0160,Japan,Asia/Tokyo
161,City_0161,Australia,Australia/Sydney
162,City_0162,Japan,Asia/Tokyo
163,City_0163,Japan,Asia/Tokyo
164,City_0164,Canada,America/Toronto
165,City_0165,UK,Europe/London
166,City_0166,Canada,America/Toronto
167,City_0167,UAE,Asia/Dubai
168,City_0168,Canada,America/Toronto
169,City_0169,Australia,Australia/Sydney
170,City_0170,USA,America/New_York
171,City_0171,UAE,Asia/Dubai
172,City_0172,USA,America/New_York
173,City_0173,UK,Europe/London
174,City_0174,Germany,Europe/Berlin
175,City_0175,Singapore,Asia/Singapore
176,City_0176,Japan,Asia/Tokyo
177,City_0177,Australia,Australia/Sydney
178,City_0178,USA,America/New_York
179,City_0179,Singapore,Asia/Singapore
180,City_0180,India,Asia/Kolkata
181,City_0181,Canada,America/Toronto
182,City_0182,Japan,Asia/Tokyo
183,City_0183,USA,America/New_York
184,City_0184,UAE,Asia/Dubai
185,City_0185,Australia,Australia/Sydney
186,City_0186,Canada,America/Toronto
187,City_0187,Brazil,America/Sao_Paulo
188,City_0188,Singapore,Asia/Singapore
189,City_0189,Australia,Australia/Sydney
190,City_0190,USA,America/New_York
191,City_0191,Germany,Europe/Berlin
192,City_0192,UAE,Asia/Dubai
193,City_0193,India,Asia/Kolkata
194,City_0194,Brazil,America/Sao_Paulo
195,City_0195,Japan,Asia/Tokyo
196,City_0196,Australia,Australia/Sydney
197,City_0197,Brazil,America/Sao_Paulo
198,City_0198,Germany,Europe/Berlin
199,City_0199,USA,America/New_York
200,City_0200,UAE,Asia/Dubai
201,City_0201,Canada,America/Toronto
202,City_0202,Singapore,Asia/Singapore
203,City_0203,USA,America/New_York
204,City_0204,UK,Europe/London
205,City_0205,India,Asia/Kolkata
206,City_0206,India,Asia/Kolkata
207,City_0207,Canada,America/Toronto
208,City_0208,UAE,Asia/Dubai
209,City_0209,USA,America/New_York
210,City_0210,USA,America/New_York
211,City_0211,Germany,Europe/Berlin
212,City_0212,Japan,Asia/Tokyo
213,City_0213,UK,Europe/London
214,City_0214,Singapore,Asia/Singapore
215,City_0215,UAE,Asia/Dubai
216,City_0216,Australia,Australia/Sydney
217,City_0217,Japan,Asia/Tokyo
218,City_0218,Singapore,Asia/Singapore
219,City_0219,Brazil,America/Sao_Paulo
220,City_0220,UK,Europe/London
221,City_0221,Singapore,Asia/Singapore
222,City_0222,USA,America/New_York
223,City_0223,UAE,Asia/Dubai
224,City_0224,Brazil,America/Sao_Paulo
225,City_0225,Singapore,Asia/Singapore
226,City_0226,Canada,America/Toronto
227,City_0227,India,Asia/Kolkata
228,City_0228,Australia,Australia/Sydney
229,City_0229,Germany,Europe/Berlin
230,City_0230,UAE,Asia/Dubai
231,City_0231,UAE,Asia/Dubai
232,City_0232,Germany,Europe/Berlin
233,City_0233,Australia,Australia/Sydney
234,City_0234,USA,America/New_York
235,City_0235,Australia,Australia/Sydney
236,City_0236,Japan,Asia/Tokyo
237,City_0237,Australia,Australia/Sydney
238,City_0238,India,Asia/Kolkata
239,City_0239,Singapore,Asia/Singapore
240,City_0240,Canada,America/Toronto
241,City_0241,Germany,Europe/Berlin
242,City_0242,USA,America/New_York
243,City_0243,UAE,Asia/Dubai
244,City_0244,USA,America/New_York
245,City_0245,Germany,Europe/Berlin
246,City_0246,Brazil,America/Sao_Paulo
247,City_0247,India,Asia/Kolkata
248,City_0248,India,Asia/Kolkata
249,City_0249,Australia,Australia/Sydney
250,City_0250,Germany,Europe/Berlin
251,City_0251,UK,Europe/London
252,City_0252,Brazil,America/Sao_Paulo
253,City_0253,Germany,Europe/Berlin
254,City_0254,USA,America/New_York
255,City_0255,Japan,Asia/Tokyo
256,City_0256,Germany,Europe/Berlin
257,City_0257,Brazil,America/Sao_Paulo
258,City_0258,Germany,Europe/Berlin
259,City_0259,Germany,Europe/Berlin
260,City_0260,Australia,Australia/Sydney
261,City_0261,UK,Europe/London
262,City_0262,Brazil,America/Sao_Paulo
263,City_0263,India,Asia/Kolkata
264,City_0264,Canada,America/Toronto
265,City_0265,UK,Europe/London
266,City_0266,UK,Europe/London
267,City_0267,Japan,Asia/Tokyo
268,City_0268,Canada,America/Toronto
269,City_0269,UK,Europe/London
270,City_0270,USA,America/New_York
271,City_0271,India,Asia/Kolkata
272,City_0272,UK,Europe/London
273,City_0273,India,Asia/Kolkata
274,City_0274,Australia,Australia/Sydney
275,City_0275,Germany,Europe/Berlin
276,City_0276,Brazil,America/Sao_Paulo
277,City_0277,Australia,Australia/Sydney
278,City_0278,India,Asia/Kolkata
279,City_0279,UK,Europe/London
280,City_0280,Canada,America/Toronto
281,City_0281,India,Asia/Kolkata
282,City_0282,UK,Europe/London
283,City_0283,Singapore,Asia/Singapore
284,City_0284,Japan,Asia/Tokyo
285,City_0285,USA,America/New_York
286,City_0286,USA,America/New_York
287,City_0287,UAE,Asia/Dubai
288,City_0288,UAE,Asia/Dubai
289,City_0289,Australia,Australia/Sydney
290,City_0290,Japan,Asia/Tokyo
291,City_0291,Brazil,America/Sao_Paulo
292,City_0292,USA,America/New_York
293,City_0293,UAE,Asia/Dubai
294,City_0294,Japan,Asia/Tokyo
295,City_0295,Germany,Europe/Berlin
296,City_0296,Brazil,America/Sao_Paulo
297,City_0297,India,Asia/Kolkata
298,City_0298,Japan,Asia/Tokyo
299,City_0299,Canada,America/Toronto
300,City_0300,UAE,Asia/Dubai
301,City_0301,India,Asia/Kolkata
302,City_0302,India,Asia/Kolkata
303,City_0303,UAE,Asia/Dubai
304,City_0304,Singapore,Asia/Singapore
305,City_0305,Singapore,Asia/Singapore
306,City_0306,USA,America/New_York
307,City_0307,UAE,Asia/Dubai
308,City_0308,UAE,Asia/Dubai
309,City_0309,USA,America/New_York
310,City_0310,USA,America/New_York
311,City_0311,Australia,Australia/Sydney
312,City_0312,Brazil,America/Sao_Paulo
313,City_0313,UK,Europe/London
314,City_0314,USA,America/New_York
315,City_0315,UK,Europe/London
316,City_0316,Canada,America/Toronto
317,City_0317,Brazil,America/Sao_Paulo
318,City_0318,Brazil,America/Sao_Paulo
319,City_0319,Japan,Asia/Tokyo
320,City_0320,Australia,Australia/Sydney
321,City_0321,Singapore,Asia/Singapore
322,City_0322,Brazil,America/Sao_Paulo
323,City_0323,Japan,Asia/Tokyo
324,City_0324,Canada,America/Toronto
325,City_0325,UAE,Asia/Dubai
326,City_0326,Japan,Asia/Tokyo
327,City_0327,Brazil,America/Sao_Paulo
328,City_0328,Singapore,Asia/Singapore
329,City_0329,USA,America/New_York
330,City_0330,USA,America/New_York
331,City_0331,Japan,Asia/Tokyo
332,City_0332,Germany,Europe/Berlin
333,City_0333,Singapore,Asia/Singapore
334,City_0334,UAE,Asia/Dubai
335,City_0335,Germany,Europe/Berlin
336,City_0336,Singapore,Asia/Singapore
337,City_0337,Australia,Australia/Sydney
338,City_0338,UAE,Asia/Dubai
339,City_0339,Singapore,Asia/Singapore
340,City_0340,Singapore,Asia/Singapore
341,City_0341,USA,America/New_York
342,City_0342,Australia,Australia/Sydney
343,City_0343,Singapore,Asia/Singapore
344,City_0344,Australia,Australia/Sydney
345,City_0345,Canada,America/Toronto
346,City_0346,Australia,Australia/Sydney
347,City_0347,UK,Europe/London
348,City_0348,UAE,Asia/Dubai
349,City_0349,USA,America/New_York
350,City_0350,USA,America/New_York
351,City_0351,USA,America/New_York
352,City_0352,USA,America/New_York
353,City_0353,Singapore,Asia/Singapore
354,City_0354,USA,America/New_York
355,City_0355,Australia,Australia/Sydney
356,City_0356,UK,Europe/London
357,City_0357,Japan,Asia/Tokyo
358,City_0358,India,Asia/Kolkata
359,City_0359,Brazil,America/Sao_Paulo
360,City_0360,Japan,Asia/Tokyo
361,City_0361,Japan,Asia/Tokyo
362,City_0362,Australia,Australia/Sydney
363,City_0363,USA,America/New_York
364,City_0364,Singapore,Asia/Singapore
365,City_0365,Australia,Australia/Sydney
366,City_0366,Singapore,Asia/Singapore
367,City_0367,India,Asia/Kolkata
368,City_0368,Canada,America/Toronto
369,City_0369,Brazil,America/Sao_Paulo
370,City_0370,Canada,America/Toronto
371,City_0371,Australia,Australia/Sydney
372,City_0372,USA,America/New_York
373,City_0373,Brazil,America/Sao_Paulo
374,City_0374,Japan,Asia/Tokyo
375,City_0375,Germany,Europe/Berlin
376,City_0376,UK,Europe/London
377,City_0377,UAE,Asia/Dubai
378,City_0378,Germany,Europe/Berlin
379,City_0379,USA,America/New_York
380,City_0380,Australia,Australia/Sydney
381,City_0381,Japan,Asia/Tokyo
382,City_0382,Australia,Australia/Sydney
383,City_0383,USA,America/New_York
384,City_0384,Canada,America/Toronto
385,City_0385,Brazil,America/Sao_Paulo
386,City_0386,Germany,Europe/Berlin
387,City_0387,Singapore,Asia/Singapore
388,City_0388,Japan,Asia/Tokyo
389,City_0389,Brazil,America/Sao_Paulo
390,City_0390,Brazil,America/Sao_Paulo
391,City_0391,Japan,Asia/Tokyo
392,City_0392,India,Asia/Kolkata
393,City_0393,Brazil,America/Sao_Paulo
394,City_0394,Canada,America/Toronto
395,City_0395,India,Asia/Kolkata
396,City_0396,UK,Europe/London
397,City_0397,Canada,America/Toronto
398,City_0398,Canada,America/Toronto
399,City_0399,Australia,Australia/Sydney
400,City_0400,Australia,Australia/Sydney
401,City_0401,India,Asia/Kolkata
402,City_0402,UK,Europe/London
403,City_0403,UK,Europe/London
404,City_0404,Brazil,America/Sao_Paulo
405,City_0405,Singapore,Asia/Singapore
406,City_0406,USA,America/New_York
407,City_0407,UK,Europe/London
408,City_0408,India,Asia/Kolkata
409,City_0409,USA,America/New_York
410,City_0410,Japan,Asia/Tokyo
411,City_0411,Germany,Europe/Berlin
412,City_0412,Singapore,Asia/Singapore
413,City_0413,Singapore,Asia/Singapore
414,City_0414,UAE,Asia/Dubai
415,City_0415,Australia,Australia/Sydney
416,City_0416,UK,Europe/London
417,City_0417,Australia,Australia/Sydney
418,City_0418,Canada,America/Toronto
419,City_0419,Australia,Australia/Sydney
420,City_0420,Brazil,America/Sao_Paulo
421,City_0421,Brazil,America/Sao_Paulo
422,City_0422,USA,America/New_York
423,City_0423,India,Asia/Kolkata
424,City_0424,UK,Europe/London
425,City_0425,UK,Europe/London
426,City_0426,Brazil,America/Sao_Paulo
427,City_0427,India,Asia/Kolkata
428,City_0428,USA,America/New_York
429,City_0429,Canada,America/Toronto
430,City_0430,UAE,Asia/Dubai
431,City_0431,Singapore,Asia/Singapore
432,City_0432,UAE,Asia/Dubai
433,City_0433,Brazil,America/Sao_Paulo
434,City_0434,UAE,Asia/Dubai
435,City_0435,Singapore,Asia/Singapore
436,City_0436,Canada,America/Toronto
437,City_0437,Germany,Europe/Berlin
438,City_0438,Japan,Asia/Tokyo
439,City_0439,USA,America/New_York
440,City_0440,Australia,Australia/Sydney
441,City_0441,Singapore,Asia/Singapore
442,City_0442,USA,America/New_York
443,City_0443,Canada,America/Toronto
444,City_0444,Brazil,America/Sao_Paulo
445,City_0445,UAE,Asia/Dubai
446,City_0446,Japan,Asia/Tokyo
447,City_0447,Canada,America/Toronto
448,City_0448,India,Asia/Kolkata
449,City_0449,Germany,Europe/Berlin
450,City_0450,Singapore,Asia/Singapore
451,City_0451,Brazil,America/Sao_Paulo
452,City_0452,India,Asia/Kolkata
453,City_0453,India,Asia/Kolkata
454,City_0454,Germany,Europe/Berlin
455,City_0455,Canada,America/Toronto
456,City_0456,Germany,Europe/Berlin
457,City_0457,UK,Europe/London
458,City_0458,Canada,America/Toronto
459,City_0459,Canada,America/Toronto
460,City_0460,Australia,Australia/Sydney
461,City_0461,USA,America/New_York
462,City_0462,India,Asia/Kolkata
463,City_0463,UAE,Asia/Dubai
464,City_0464,Singapore,Asia/Singapore
465,City_0465,UK,Europe/London
466,City_0466,UK,Europe/London
467,City_0467,Singapore,Asia/Singapore
468,City_0468,Japan,Asia/Tokyo
469,City_0469,Germany,Europe/Berlin
470,City_0470,Japan,Asia/Tokyo
471,City_0471,Japan,Asia/Tokyo
472,City_0472,Australia,Australia/Sydney
473,City_0473,USA,America/New_York
474,City_0474,Singapore,Asia/Singapore
475,City_0475,India,Asia/Kolkata
476,City_0476,Singapore,Asia/Singapore
477,City_0477,India,Asia/Kolkata
478,City_0478,UAE,Asia/Dubai
479,City_0479,USA,America/New_York
480,City_0480,Australia,Australia/Sydney
481,City_0481,Brazil,America/Sao_Paulo
482,City_0482,Singapore,Asia/Singapore
483,City_0483,Brazil,America/Sao_Paulo
484,City_0484,Singapore,Asia/Singapore
485,City_0485,Singapore,Asia/Singapore
486,City_0486,Canada,America/Toronto
487,City_0487,USA,America/New_York
488,City_0488,Singapore,Asia/Singapore
489,City_0489,India,Asia/Kolkata
490,City_0490,Australia,Australia/Sydney
491,City_0491,UK,Europe/London
492,City_0492,Brazil,America/Sao_Paulo
493,City_0493,UAE,Asia/Dubai
494,City_0494,Australia,Australia/Sydney
495,City_0495,USA,America/New_York
496,City_0496,Singapore,Asia/Singapore
497,City_0497,USA,America/New_York
498,City_0498,Germany,Europe/Berlin
499,City_0499,Singapore,Asia/Singapore
500,City_0500,Brazil,America/Sao_Paulo
501,City_0501,Singapore,Asia/Singapore
502,City_0502,Japan,Asia/Tokyo
503,City_0503,USA,America/New_York
504,City_0504,Singapore,Asia/Singapore
505,City_0505,Canada,America/Toronto
506,City_0506,Australia,Australia/Sydney
507,City_0507,Germany,Europe/Berlin
508,City_0508,Australia,Australia/Sydney
509,City_0509,UK,Europe/London
510,City_0510,USA,America/New_York
511,City_0511,Japan,Asia/Tokyo
512,City_0512,USA,America/New_York
513,City_0513,Japan,Asia/Tokyo
514,City_0514,Japan,Asia/Tokyo
515,City_0515,Germany,Europe/Berlin
516,City_0516,Australia,Australia/Sydney
517,City_0517,Australia,Australia/Sydney
518,City_0518,UK,Europe/London
519,City_0519,Germany,Europe/Berlin
520,City_0520,USA,America/New_York
521,City_0521,UK,Europe/London
522,City_0522,Canada,America/Toronto
523,City_0523,Germany,Europe/Berlin
524,City_0524,UK,Europe/London
525,City_0525,Brazil,America/Sao_Paulo
526,City_0526,UK,Europe/London
527,City_0527,USA,America/New_York
528,City_0528,UK,Europe/London
529,City_0529,UAE,Asia/Dubai
530,City_0530,UAE,Asia/Dubai
531,City_0531,Brazil,America/Sao_Paulo
532,City_0532,Brazil,America/Sao_Paulo
533,City_0533,UAE,Asia/Dubai
534,City_0534,Brazil,America/Sao_Paulo
535,City_0535,Brazil,America/Sao_Paulo
536,City_0536,Australia,Australia/Sydney
537,City_0537,Australia,Australia/Sydney
538,City_0538,UK,Europe/London
539,City_0539,UAE,Asia/Dubai
540,City_0540,USA,America/New_York
541,City_0541,UAE,Asia/Dubai
542,City_0542,UAE,Asia/Dubai
543,City_0543,Canada,America/Toronto
544,City_0544,Canada,America/Toronto
545,City_0545,Brazil,America/Sao_Paulo
546,City_0546,India,Asia/Kolkata
547,City_0547,Australia,Australia/Sydney
548,City_0548,Japan,Asia/Tokyo
549,City_0549,USA,America/New_York
550,City_0550,Canada,America/Toronto
551,City_0551,UAE,Asia/Dubai
552,City_0552,UAE,Asia/Dubai
553,City_0553,India,Asia/Kolkata
554,City_0554,India,Asia/Kolkata
555,City_0555,Australia,Australia/Sydney
556,City_0556,Canada,America/Toronto
557,City_0557,USA,America/New_York
558,City_0558,USA,America/New_York
559,City_0559,Brazil,America/Sao_Paulo
560,City_0560,Brazil,America/Sao_Paulo
561,City_0561,Japan,Asia/Tokyo
562,City_0562,Singapore,Asia/Singapore
563,City_0563,UAE,Asia/Dubai
564,City_0564,Brazil,America/Sao_Paulo
565,City_0565,Japan,Asia/Tokyo
566,City_0566,India,Asia/Kolkata
567,City_0567,UAE,Asia/Dubai
568,City_0568,Brazil,America/Sao_Paulo
569,City_0569,Germany,Europe/Berlin
570,City_0570,Australia,Australia/Sydney
571,City_0571,Brazil,America/Sao_Paulo
572,City_0572,UAE,Asia/Dubai
573,City_0573,Japan,Asia/Tokyo
574,City_0574,UK,Europe/London
575,City_0575,India,Asia/Kolkata
576,City_0576,UAE,Asia/Dubai
577,City_0577,USA,America/New_York
578,City_0578,Australia,Australia/Sydney
579,City_0579,USA,America/New_York
580,City_0580,Japan,Asia/Tokyo
581,City_0581,UK,Europe/London
582,City_0582,India,Asia/Kolkata
583,City_0583,Germany,Europe/Berlin
584,City_0584,UAE,Asia/Dubai
585,City_0585,UAE,Asia/Dubai
586,City_0586,Japan,Asia/Tokyo
587,City_0587,Japan,Asia/Tokyo
588,City_0588,Brazil,America/Sao_Paulo
589,City_0589,UK,Europe/London
590,City_0590,Australia,Australia/Sydney
591,City_0591,Australia,Australia/Sydney
592,City_0592,Canada,America/Toronto
593,City_0593,Singapore,Asia/Singapore
594,City_0594,Singapore,Asia/Singapore
595,City_0595,Australia,Australia/Sydney
596,City_0596,Brazil,America/Sao_Paulo
597,City_0597,India,Asia/Kolkata
598,City_0598,Australia,Australia/Sydney
599,City_0599,USA,America/New_York
600,City_0600,Australia,Australia/Sydney
601,City_0601,USA,America/New_York
602,City_0602,Japan,Asia/Tokyo
603,City_0603,Singapore,Asia/Singapore
604,City_0604,Canada,America/Toronto
605,City_0605,Canada,America/Toronto
606,City_0606,Brazil,America/Sao_Paulo
607,City_0607,UK,Europe/London
608,City_0608,Australia,Australia/Sydney
609,City_0609,USA,America/New_York
610,City_0610,Brazil,America/Sao_Paulo
611,City_0611,UK,Europe/London
612,City_0612,Australia,Australia/Sydney
613,City_0613,Canada,America/Toronto
614,City_0614,Singapore,Asia/Singapore
615,City_0615,UK,Europe/London
616,City_0616,Brazil,America/Sao_Paulo
617,City_0617,USA,America/New_York
618,City_0618,Canada,America/Toronto
619,City_0619,Japan,Asia/Tokyo
620,City_0620,Singapore,Asia/Singapore
621,City_0621,Australia,Australia/Sydney
622,City_0622,UK,Europe/London
623,City_0623,Japan,Asia/Tokyo
624,City_0624,USA,America/New_York
625,City_0625,Singapore,Asia/Singapore
626,City_0626,Japan,Asia/Tokyo
627,City_0627,Australia,Australia/Sydney
628,City_0628,India,Asia/Kolkata
629,City_0629,Australia,Australia/Sydney
630,City_0630,Canada,America/Toronto
631,City_0631,UK,Europe/London
632,City_0632,Germany,Europe/Berlin
633,City_0633,Australia,Australia/Sydney
634,City_0634,UAE,Asia/Dubai
635,City_0635,Germany,Europe/Berlin
636,City_0636,Germany,Europe/Berlin
637,City_0637,UK,Europe/London
638,City_0638,UK,Europe/London
639,City_0639,USA,America/New_York
640,City_0640,Canada,America/Toronto
641,City_0641,USA,America/New_York
642,City_0642,Japan,Asia/Tokyo
643,City_0643,Japan,Asia/Tokyo
644,City_0644,Japan,Asia/Tokyo
645,City_0645,India,Asia/Kolkata
646,City_0646,Australia,Australia/Sydney
647,City_0647,Brazil,America/Sao_Paulo
648,City_0648,UK,Europe/London
649,City_0649,Brazil,America/Sao_Paulo
650,City_0650,Singapore,Asia/Singapore
651,City_0651,UK,Europe/London
652,City_0652,UK,Europe/London
653,City_0653,UK,Europe/London
654,City_0654,Brazil,America/Sao_Paulo
655,City_0655,UK,Europe/London
656,City_0656,UAE,Asia/Dubai
657,City_0657,India,Asia/Kolkata
658,City_0658,Singapore,Asia/Singapore
659,City_0659,Australia,Australia/Sydney
660,City_0660,Germany,Europe/Berlin
661,City_0661,UAE,Asia/Dubai
662,City_0662,Brazil,America/Sao_Paulo
663,City_0663,Canada,America/Toronto
664,City_0664,UAE,Asia/Dubai
665,City_0665,Germany,Europe/Berlin
666,City_0666,Japan,Asia/Tokyo
667,City_0667,Germany,Europe/Berlin
668,City_0668,Canada,America/Toronto
669,City_0669,UAE,Asia/Dubai
670,City_0670,Germany,Europe/Berlin
671,City_0671,Australia,Australia/Sydney
672,City_0672,Brazil,America/Sao_Paulo
673,City_0673,UAE,Asia/Dubai
674,City_0674,UAE,Asia/Dubai
675,City_0675,Canada,America/Toronto
676,City_0676,Singapore,Asia/Singapore
677,City_0677,Japan,Asia/Tokyo
678,City_0678,Japan,Asia/Tokyo
679,City_0679,Singapore,Asia/Singapore
680,City_0680,UK,Europe/London
681,City_0681,Germany,Europe/Berlin
682,City_0682,Brazil,America/Sao_Paulo
683,City_0683,UK,Europe/London
684,City_0684,Canada,America/Toronto
685,City_0685,India,Asia/Kolkata
686,City_0686,UAE,Asia/Dubai
687,City_0687,Australia,Australia/Sydney
688,City_0688,Japan,Asia/Tokyo
689,City_0689,USA,America/New_York
690,City_0690,Japan,Asia/Tokyo
691,City_0691,USA,America/New_York
692,City_0692,Canada,America/Toronto
693,City_0693,USA,America/New_York
694,City_0694,UK,Europe/London
695,City_0695,Canada,America/Toronto
696,City_0696,UAE,Asia/Dubai
697,City_0697,Japan,Asia/Tokyo
698,City_0698,UK,Europe/London
699,City_0699,Singapore,Asia/Singapore
700,City_0700,USA,America/New_York
701,City_0701,Germany,Europe/Berlin
702,City_0702,UAE,Asia/Dubai
703,City_0703,Australia,Australia/Sydney
704,City_0704,India,Asia/Kolkata
705,City_0705,Singapore,Asia/Singapore
706,City_0706,India,Asia/Kolkata
707,City_0707,Singapore,Asia/Singapore
708,City_0708,Japan,Asia/Tokyo
709,City_0709,Australia,Australia/Sydney
710,City_0710,Germany,Europe/Berlin
711,City_0711,Singapore,Asia/Singapore
712,City_0712,USA,America/New_York
713,City_0713,Australia,Australia/Sydney
714,City_0714,Germany,Europe/Berlin
715,City_0715,India,Asia/Kolkata
716,City_0716,Australia,Australia/Sydney
717,City_0717,USA,America/New_York
718,City_0718,Australia,Australia/Sydney
719,City_0719,UK,Europe/London
720,City_0720,UK,Europe/London
721,City_0721,India,Asia/Kolkata
722,City_0722,Canada,America/Toronto
723,City_0723,UAE,Asia/Dubai
724,City_0724,UK,Europe/London
725,City_0725,UAE,Asia/Dubai
726,City_0726,UAE,Asia/Dubai
727,City_0727,Brazil,America/Sao_Paulo
728,City_0728,India,Asia/Kolkata
729,City_0729,USA,America/New_York
730,City_0730,India,Asia/Kolkata
731,City_0731,Canada,America/Toronto
732,City_0732,Germany,Europe/Berlin
733,City_0733,UK,Europe/London
734,City_0734,Japan,Asia/Tokyo
735,City_0735,Brazil,America/Sao_Paulo
736,City_0736,Japan,Asia/Tokyo
737,City_0737,Singapore,Asia/Singapore
738,City_0738,USA,America/New_York
739,City_0739,Canada,America/Toronto
740,City_0740,Germany,Europe/Berlin
741,City_0741,Canada,America/Toronto
742,City_0742,USA,America/New_York
743,City_0743,India,Asia/Kolkata
744,City_0744,Germany,Europe/Berlin
745,City_0745,Singapore,Asia/Singapore
746,City_0746,Brazil,America/Sao_Paulo
747,City_0747,UAE,Asia/Dubai
748,City_0748,USA,America/New_York
749,City_0749,USA,America/New_York
750,City_0750,UAE,Asia/Dubai
751,City_0751,Brazil,America/Sao_Paulo
752,City_0752,Japan,Asia/Tokyo
753,City_0753,India,Asia/Kolkata
754,City_0754,Japan,Asia/Tokyo
755,City_0755,Brazil,America/Sao_Paulo
756,City_0756,Germany,Europe/Berlin
757,City_0757,UK,Europe/London
758,City_0758,Canada,America/Toronto
759,City_0759,Singapore,Asia/Singapore
760,City_0760,India,Asia/Kolkata
761,City_0761,Brazil,America/Sao_Paulo
762,City_0762,Australia,Australia/Sydney
763,City_0763,Germany,Europe/Berlin
764,City_0764,Brazil,America/Sao_Paulo
765,City_0765,Singapore,Asia/Singapore
766,City_0766,UK,Europe/London
767,City_0767,USA,America/New_York
768,City_0768,Japan,Asia/Tokyo
769,City_0769,Australia,Australia/Sydney
770,City_0770,USA,America/New_York
771,City_0771,Japan,Asia/Tokyo
772,City_0772,Japan,Asia/Tokyo
773,City_0773,Japan,Asia/Tokyo
774,City_0774,Japan,Asia/Tokyo
775,City_0775,Japan,Asia/Tokyo
776,City_0776,India,Asia/Kolkata
777,City_0777,Singapore,Asia/Singapore
778,City_0778,UAE,Asia/Dubai
779,City_0779,India,Asia/Kolkata
780,City_0780,Singapore,Asia/Singapore
781,City_0781,Australia,Australia/Sydney
782,City_0782,Canada,America/Toronto
783,City_0783,India,Asia/Kolkata
784,City_0784,Australia,Australia/Sydney
785,City_0785,USA,America/New_York
786,City_0786,Australia,Australia/Sydney
787,City_0787,Germany,Europe/Berlin
788,City_0788,USA,America/New_York
789,City_0789,Brazil,America/Sao_Paulo
790,City_0790,Australia,Australia/Sydney
791,City_0791,UK,Europe/London
792,City_0792,India,Asia/Kolkata
793,City_0793,Australia,Australia/Sydney
794,City_0794,Japan,Asia/Tokyo
795,City_0795,Australia,Australia/Sydney
796,City_0796,UK,Europe/London
797,City_0797,UAE,Asia/Dubai
798,City_0798,UAE,Asia/Dubai
799,City_0799,UK,Europe/London
800,City_0800,UK,Europe/London
801,City_0801,USA,America/New_York
802,City_0802,UAE,Asia/Dubai
803,City_0803,India,Asia/Kolkata
804,City_0804,Canada,America/Toronto
805,City_0805,Germany,Europe/Berlin
806,City_0806,India,Asia/Kolkata
807,City_0807,Germany,Europe/Berlin
808,City_0808,India,Asia/Kolkata
809,City_0809,Australia,Australia/Sydney
810,City_0810,Canada,America/Toronto
811,City_0811,Japan,Asia/Tokyo
812,City_0812,Singapore,Asia/Singapore
813,City_0813,Japan,Asia/Tokyo
814,City_0814,UAE,Asia/Dubai
815,City_0815,Canada,America/Toronto
816,City_0816,India,Asia/Kolkata
817,City_0817,Germany,Europe/Berlin
818,City_0818,Canada,America/Toronto
819,City_0819,Australia,Australia/Sydney
820,City_0820,India,Asia/Kolkata
821,City_0821,Australia,Australia/Sydney
822,City_0822,Canada,America/Toronto
823,City_0823,USA,America/New_York
824,City_0824,Australia,Australia/Sydney
825,City_0825,Singapore,Asia/Singapore
826,City_0826,Singapore,Asia/Singapore
827,City_0827,UAE,Asia/Dubai
828,City_0828,Singapore,Asia/Singapore
829,City_0829,Australia,Australia/Sydney
830,City_0830,UK,Europe/London
831,City_0831,UAE,Asia/Dubai
832,City_0832,UAE,Asia/Dubai
833,City_0833,Australia,Australia/Sydney
834,City_0834,Japan,Asia/Tokyo
835,City_0835,Canada,America/Toronto
836,City_0836,USA,America/New_York
837,City_0837,Singapore,Asia/Singapore
838,City_0838,USA,America/New_York
839,City_0839,Singapore,Asia/Singapore
840,City_0840,Brazil,America/Sao_Paulo
841,City_0841,UK,Europe/London
842,City_0842,Japan,Asia/Tokyo
843,City_0843,Canada,America/Toronto
844,City_0844,Australia,Australia/Sydney
845,City_0845,USA,America/New_York
846,City_0846,USA,America/New_York
847,City_0847,Australia,Australia/Sydney
848,City_0848,Canada,America/Toronto
849,City_0849,Canada,America/Toronto
850,City_0850,UAE,Asia/Dubai
851,City_0851,Brazil,America/Sao_Paulo
852,City_0852,Singapore,Asia/Singapore
853,City_0853,UK,Europe/London
854,City_0854,UAE,Asia/Dubai
855,City_0855,Australia,Australia/Sydney
856,City_0856,UAE,Asia/Dubai
857,City_0857,India,Asia/Kolkata
858,City_0858,Australia,Australia/Sydney
859,City_0859,Brazil,America/Sao_Paulo
860,City_0860,Singapore,Asia/Singapore
861,City_0861,Canada,America/Toronto
862,City_0862,India,Asia/Kolkata
863,City_0863,USA,America/New_York
864,City_0864,Singapore,Asia/Singapore
865,City_0865,Australia,Australia/Sydney
866,City_0866,Japan,Asia/Tokyo
867,City_0867,UK,Europe/London
868,City_0868,India,Asia/Kolkata
869,City_0869,UK,Europe/London
870,City_0870,Brazil,America/Sao_Paulo
871,City_0871,UAE,Asia/Dubai
872,City_0872,India,Asia/Kolkata
873,City_0873,UK,Europe/London
874,City_0874,USA,America/New_York
875,City_0875,Germany,Europe/Berlin
876,City_0876,Australia,Australia/Sydney
877,City_0877,Australia,Australia/Sydney
878,City_0878,Singapore,Asia/Singapore
879,City_0879,Brazil,America/Sao_Paulo
880,City_0880,India,Asia/Kolkata
881,City_0881,Brazil,America/Sao_Paulo
882,City_0882,UK,Europe/London
883,City_0883,UAE,Asia/Dubai
884,City_0884,Australia,Australia/Sydney
885,City_0885,Australia,Australia/Sydney
886,City_0886,UAE,Asia/Dubai
887,City_0887,USA,America/New_York
888,City_0888,Brazil,America/Sao_Paulo
889,City_0889,UK,Europe/London
890,City_0890,Japan,Asia/Tokyo
891,City_0891,Australia,Australia/Sydney
892,City_0892,Singapore,Asia/Singapore
893,City_0893,Australia,Australia/Sydney
894,City_0894,Canada,America/Toronto
895,City_0895,Germany,Europe/Berlin
896,City_0896,USA,America/New_York
897,City_0897,India,Asia/Kolkata
898,City_0898,UK,Europe/London
899,City_0899,UAE,Asia/Dubai
900,City_0900,Japan,Asia/Tokyo
901,City_0901,Singapore,Asia/Singapore
902,City_0902,Japan,Asia/Tokyo
903,City_0903,USA,America/New_York
904,City_0904,Canada,America/Toronto
905,City_0905,Canada,America/Toronto
906,City_0906,UAE,Asia/Dubai
907,City_0907,Germany,Europe/Berlin
908,City_0908,Brazil,America/Sao_Paulo
909,City_0909,Canada,America/Toronto
910,City_0910,UAE,Asia/Dubai
911,City_0911,Germany,Europe/Berlin
912,City_0912,USA,America/New_York
913,City_0913,UK,Europe/London
914,City_0914,USA,America/New_York
915,City_0915,UAE,Asia/Dubai
916,City_0916,UK,Europe/London
917,City_0917,UAE,Asia/Dubai
918,City_0918,USA,America/New_York
919,City_0919,Australia,Australia/Sydney
920,City_0920,Australia,Australia/Sydney
921,City_0921,USA,America/New_York
922,City_0922,Japan,Asia/Tokyo
923,City_0923,Japan,Asia/Tokyo
924,City_0924,Canada,America/Toronto
925,City_0925,Canada,America/Toronto
926,City_0926,UK,Europe/London
927,City_0927,UK,Europe/London
928,City_0928,Australia,Australia/Sydney
929,City_0929,Japan,Asia/Tokyo
930,City_0930,Germany,Europe/Berlin
931,City_0931,USA,America/New_York
932,City_0932,Germany,Europe/Berlin
933,City_0933,UK,Europe/London
934,City_0934,Germany,Europe/Berlin
935,City_0935,UAE,Asia/Dubai
936,City_0936,India,Asia/Kolkata
937,City_0937,Australia,Australia/Sydney
938,City_0938,Japan,Asia/Tokyo
939,City_0939,Brazil,America/Sao_Paulo
940,City_0940,Australia,Australia/Sydney
941,City_0941,UAE,Asia/Dubai
942,City_0942,Japan,Asia/Tokyo
943,City_0943,UK,Europe/London
944,City_0944,Brazil,America/Sao_Paulo
945,City_0945,USA,America/New_York
946,City_0946,USA,America/New_York
947,City_0947,Canada,America/Toronto
948,City_0948,Singapore,Asia/Singapore
949,City_0949,UAE,Asia/Dubai
950,City_0950,Japan,Asia/Tokyo
951,City_0951,Singapore,Asia/Singapore
952,City_0952,Singapore,Asia/Singapore
953,City_0953,Brazil,America/Sao_Paulo
954,City_0954,USA,America/New_York
955,City_0955,UK,Europe/London
956,City_0956,Australia,Australia/Sydney
957,City_0957,USA,America/New_York
958,City_0958,UAE,Asia/Dubai
959,City_0959,UAE,Asia/Dubai
960,City_0960,Japan,Asia/Tokyo
961,City_0961,Australia,Australia/Sydney
962,City_0962,UK,Europe/London
963,City_0963,Japan,Asia/Tokyo
964,City_0964,Brazil,America/Sao_Paulo
965,City_0965,UK,Europe/London
966,City_0966,UK,Europe/London
967,City_0967,Singapore,Asia/Singapore
968,City_0968,Japan,Asia/Tokyo
969,City_0969,India,Asia/Kolkata
970,City_0970,USA,America/New_York
971,City_0971,Japan,Asia/Tokyo
972,City_0972,UK,Europe/London
973,City_0973,Canada,America/Toronto
974,City_0974,UK,Europe/London
975,City_0975,UK,Europe/London
976,City_0976,Australia,Australia/Sydney
977,City_0977,Germany,Europe/Berlin
978,City_0978,Australia,Australia/Sydney
979,City_0979,Japan,Asia/Tokyo
980,City_0980,Canada,America/Toronto
981,City_0981,USA,America/New_York
982,City_0982,Canada,America/Toronto
983,City_0983,Germany,Europe/Berlin
984,City_0984,Japan,Asia/Tokyo
985,City_0985,Canada,America/Toronto
986,City_0986,UK,Europe/London
987,City_0987,Canada,America/Toronto
988,City_0988,Brazil,America/Sao_Paulo
989,City_0989,Japan,Asia/Tokyo
990,City_0990,USA,America/New_York
991,City_0991,Japan,Asia/Tokyo
992,City_0992,UK,Europe/London
993,City_0993,Brazil,America/Sao_Paulo
994,City_0994,Brazil,America/Sao_Paulo
995,City_0995,UK,Europe/London
996,City_0996,UK,Europe/London
997,City_0997,Brazil,America/Sao_Paulo
998,City_0998,Brazil,America/Sao_Paulo
999,City_0999,Australia,Australia/Sydney
1000,City_1000,Brazil,America/Sao_Paulo
